,0,1,2,3,4,5,6,7,8,9,10,11,output
0,51314210.0,364.41,365.32,353.02,34380630.0,360.7,365.0,357.57,48155850.0,365.0,368.79,358.52,364.0
1,45595680.0,93.0,93.05,91.5,75219710.0,92.91,94.66,92.65,32042290.0,95.94,96.29,95.25,96.25
2,25184090.0,108.58,108.7,107.18,30912260.0,106.96,109.43,106.86,26639930.0,107.59,107.69,106.18,109.0
3,42009830.0,94.16,95.21,93.89,46858910.0,94.55,94.7,93.01,61192340.0,92.39,94.39,91.65,90.0
4,49904460.0,108.97,110.45,108.51,53142590.0,112.49,112.78,110.04,61681250.0,110.23,112.34,109.13,110.15
5,28010430.0,107.52,108.37,107.16,39546610.0,106.27,107.65,106.18,26781730.0,105.58,106.0,105.28,104.81
6,20769030.0,136.43,137.12,136.11,24487200.0,136.23,136.75,135.98,22163280.0,135.1,135.83,135.1,135.67
7,19090050.0,194.79,196.37,193.14,23243160.0,193.25,196.5,193.15,22727370.0,191.09,194.46,191.05,191.64
8,39636190.0,159.9,160.0,154.63,26060430.0,159.26,161.27,159.11,36127490.0,158.6,161.83,158.27,157.06
9,43607120.0,106.34,106.5,105.19,34394830.0,105.52,106.47,104.96,38236730.0,104.61,106.31,104.59,103.96
10,22551660.0,186.29,187.19,182.91,17352380.0,184.1,186.21,183.8,24987260.0,185.23,187.28,184.03,182.99
11,33754680.0,109.63,110.23,109.21,25704330.0,108.14,109.54,108.08,18648700.0,107.78,108.44,107.78,108.52
12,28397810.0,167.5,170.2,166.46,27315530.0,169.06,171.52,168.4,32512580.0,172.48,172.62,169.63,169.95
13,41678680.0,173.49,174.49,168.3,42704910.0,171.76,174.78,170.42,41141250.0,180.95,182.39,176.27,184.46
14,31440300.0,188.35,188.99,185.92,26148590.0,185.8,188.39,185.79,39017490.0,184.85,187.33,183.74,183.9
15,22395560.0,263.75,264.88,262.1,25817590.0,261.13,264.78,261.07,21847230.0,261.55,262.79,260.92,258.3
16,22163280.0,135.1,135.83,135.1,22539860.0,135.67,135.9,134.84,35578640.0,135.52,136.27,134.62,133.47
17,28751540.0,219.79,223.36,218.94,32874330.0,218.06,221.26,217.43,32389280.0,217.86,219.74,213.0,222.3
18,33655810.0,105.01,106.48,104.62,31416910.0,106.93,106.93,105.52,30576980.0,106.64,108.09,106.06,107.88
19,20046250.0,132.46,132.94,132.05,28321440.0,131.65,132.45,131.12,22941650.0,131.35,132.22,131.22,130.54
20,64827330.0,209.88,215.31,209.23,45751160.0,203.06,203.4,199.11,22010360.0,204.4,205.97,203.86,204.9
21,25364920.0,111.62,112.39,111.33,32771760.0,110.8,112.34,110.8,27150570.0,109.34,110.5,108.66,108.97
22,38612290.0,183.52,184.35,180.28,32879090.0,186.93,190.9,186.76,33031360.0,189.91,192.47,188.84,186.27
23,28641180.0,93.48,93.57,92.46,33653020.0,93.33,93.57,92.11,32895650.0,93.0,93.77,92.59,93.37
24,20514810.0,156.07,157.4,155.69,26604140.0,157.05,157.21,155.02,69726440.0,159.28,159.75,156.16,149.1
25,31306390.0,178.61,179.58,177.41,31087330.0,179.37,180.1,178.25,34260230.0,176.15,179.25,175.07,177.9
26,39824200.0,173.68,175.15,166.92,36778560.0,168.07,173.1,166.44,40984540.0,168.39,169.92,164.94,170.0
27,36592940.0,291.12,293.97,288.12,23334000.0,284.82,289.98,284.7,12119710.0,284.69,284.89,282.92,280.53
28,27420550.0,111.36,111.51,110.33,25931710.0,111.95,112.42,111.4,29164190.0,110.12,111.99,110.01,109.72
29,52720620.0,110.0,112.28,109.49,61747260.0,110.19,110.19,108.21,46717770.0,111.74,111.77,109.41,110.63
30,34790520.0,247.24,249.17,237.26,31130520.0,244.76,245.3,241.21,35709870.0,248.97,249.75,242.57,247.42
31,41976500.0,162.13,167.26,161.84,35617230.0,164.0,164.33,160.63,27850370.0,164.12,165.73,163.37,162.62
32,49979700.0,93.79,94.72,92.59,42288790.0,95.92,96.35,94.1,44282560.0,94.29,95.94,93.93,93.13
33,48670440.0,149.03,153.7,149.03,27254850.0,146.76,148.98,146.76,23345970.0,146.52,147.14,145.81,145.59
34,84757780.0,113.76,114.02,109.77,54507300.0,111.65,112.56,110.32,49904460.0,108.97,110.45,108.51,112.49
35,54149930.0,324.45,327.85,321.38,40558490.0,312.6,318.4,312.19,40485010.0,310.06,311.77,304.88,320.25
36,31434370.0,221.03,222.49,217.19,19419650.0,218.95,219.84,217.65,57977090.0,221.38,222.56,217.47,222.01
37,123601900.0,117.42,117.7,113.25,69639900.0,121.5,122.57,117.52,42832890.0,122.6,122.64,120.91,122.32
38,36127490.0,158.6,161.83,158.27,21827400.0,157.06,158.92,156.67,20514810.0,156.07,157.4,155.69,157.05
39,40885480.0,107.01,107.03,104.82,25184090.0,108.58,108.7,107.18,30912260.0,106.96,109.43,106.86,107.59
40,21029520.0,262.71,266.44,262.52,16331260.0,262.59,263.18,260.84,30348780.0,263.69,264.01,261.18,265.54
41,14669140.0,192.9,194.96,192.17,18761470.0,191.55,193.59,190.3,21674630.0,194.7,196.79,193.6,193.95
42,32443110.0,204.29,208.84,203.5,20892380.0,210.89,211.84,210.23,31996320.0,209.84,212.65,208.13,209.88
43,34240470.0,96.31,96.9,95.92,35290570.0,96.0,96.76,95.8,38866100.0,98.84,98.89,96.09,96.67
44,20591090.0,175.05,175.08,173.34,14026670.0,175.1,175.5,174.65,25558680.0,173.36,175.0,173.05,170.78
45,23171020.0,227.95,229.42,226.35,22560440.0,224.79,225.84,224.02,29729270.0,223.82,226.44,223.54,221.0
46,38794930.0,111.78,112.0,110.53,37622200.0,110.93,112.1,110.49,44434220.0,111.29,111.52,109.56,110.82
47,19088310.0,220.0,220.94,218.83,22481010.0,218.55,221.5,217.14,31434370.0,221.03,222.49,217.19,218.95
48,41084070.0,225.46,226.35,216.05,26656630.0,223.64,227.27,222.25,28784550.0,222.21,224.8,220.2,227.96
49,28432570.0,321.47,327.22,321.47,23580780.0,323.6,323.9,318.71,27337220.0,314.18,321.55,313.85,322.37
50,41587090.0,300.35,307.9,300.21,39732270.0,304.51,309.79,301.53,50155640.0,312.15,315.95,303.21,317.83
51,28310840.0,109.72,110.54,109.66,27623150.0,109.81,110.35,108.83,58724080.0,106.7,110.23,106.6,106.57
52,38018910.0,104.41,106.15,104.41,27697970.0,104.19,104.55,103.68,38771840.0,102.83,104.45,102.82,104.27
53,32618140.0,107.27,108.85,107.2,32728460.0,107.4,107.72,106.45,47507230.0,107.28,107.37,105.57,108.91
54,30889270.0,226.27,229.93,225.84,34755550.0,225.64,227.49,223.89,30352690.0,218.43,220.96,215.13,223.06
55,21017560.0,155.02,155.98,154.48,26591850.0,153.9,155.81,153.78,25277680.0,154.34,154.45,153.46,153.58
56,33498270.0,145.1,147.2,144.96,20783460.0,144.09,144.3,143.27,14198660.0,143.92,144.16,143.31,144.47
57,23580780.0,323.6,323.9,318.71,27337220.0,314.18,321.55,313.85,29421010.0,322.37,323.4,318.0,322.57
58,17524150.0,198.58,199.85,198.01,27738580.0,199.2,200.14,196.21,20543190.0,200.85,201.0,198.44,198.68
59,80151380.0,281.1,286.0,272.96,49678430.0,286.53,297.88,286.5,57668360.0,300.95,302.53,286.13,297.26
60,32182650.0,270.0,270.8,264.91,26547490.0,267.48,271.0,267.3,18661340.0,263.79,265.89,262.73,261.07
61,46873670.0,112.11,112.3,109.73,25364920.0,111.62,112.39,111.33,32771760.0,110.8,112.34,110.8,109.34
62,90398170.0,113.86,115.73,113.49,111186900.0,108.73,113.03,108.6,62080160.0,107.51,108.79,107.24,102.65
63,48155850.0,365.0,368.79,358.52,53038870.0,364.0,372.38,362.27,33861320.0,351.34,359.46,351.15,354.64
64,30149410.0,218.1,219.18,215.11,35034410.0,213.44,217.95,213.16,27595310.0,211.75,213.81,211.47,209.22
65,20393070.0,189.01,189.53,187.86,26167950.0,189.49,190.06,187.45,27942430.0,187.74,190.37,187.65,186.55
66,101593400.0,112.53,115.42,109.63,96820670.0,117.81,118.18,113.33,54851010.0,116.53,119.99,116.53,114.58
67,28106110.0,375.41,378.62,372.23,29663910.0,370.0,375.78,369.87,28510370.0,367.85,370.47,363.64,365.12
68,40170200.0,97.6,97.84,96.63,29139100.0,99.02,99.54,98.33,42268040.0,99.6,100.4,98.82,99.44
69,49305220.0,120.99,121.22,119.45,51106100.0,118.7,120.69,118.27,85436210.0,116.93,119.3,116.06,115.4
70,17916260.0,244.51,244.8,241.81,19932550.0,242.1,243.24,241.22,22684000.0,241.16,242.2,239.62,237.52
71,42288790.0,95.92,96.35,94.1,44282560.0,94.29,95.94,93.93,53920550.0,93.13,95.7,93.04,96.52
72,30031410.0,98.92,99.3,98.5,38885980.0,97.39,98.99,97.32,25879680.0,97.41,97.67,96.84,97.17
73,33570380.0,123.38,123.91,122.55,44371580.0,123.09,123.61,122.12,42090320.0,125.32,125.74,123.9,126.2
74,32203640.0,143.66,146.74,143.66,50264540.0,143.78,144.5,142.2,31642900.0,143.32,144.48,142.21,147.5
75,31801970.0,225.75,226.84,222.52,41411350.0,223.52,228.35,222.57,49118510.0,224.94,225.0,219.84,218.01
76,22676520.0,178.5,180.24,178.07,29334630.0,180.32,180.52,177.81,31464170.0,182.59,183.5,179.24,180.29
77,20543190.0,200.85,201.0,198.44,21654750.0,198.68,200.74,198.18,35738280.0,200.32,202.85,199.23,196.42
78,27460070.0,108.52,108.93,107.85,23839880.0,108.71,108.9,107.76,26296260.0,108.23,108.94,108.01,107.52
79,40529120.0,268.7,270.07,264.7,42223820.0,262.74,267.37,261.23,50721830.0,270.8,271.7,259.0,250.9
80,23129400.0,188.77,188.84,186.21,19966590.0,186.35,188.5,185.76,15228270.0,188.38,188.88,186.78,188.0
81,33031360.0,189.91,192.47,188.84,26544720.0,186.27,191.75,186.02,36529680.0,186.41,189.7,185.41,187.71
82,63849470.0,109.07,109.62,107.31,66300930.0,110.17,111.54,108.73,73230280.0,112.83,113.51,107.86,113.85
83,21070330.0,198.43,199.26,195.29,18220420.0,198.54,200.16,198.17,47800590.0,198.8,200.85,198.15,200.37
84,32690080.0,99.83,101.0,99.13,26219110.0,100.0,100.46,99.74,23766360.0,99.56,100.0,99.34,98.7
85,35421310.0,145.13,147.16,145.11,19082170.0,145.77,146.7,145.12,21247590.0,145.52,146.07,144.61,146.87
86,39735110.0,169.95,171.67,168.5,41484540.0,170.43,172.14,168.44,41459120.0,172.63,172.92,167.16,174.3
87,68176940.0,114.08,114.35,111.63,48079330.0,116.1,116.52,114.68,34525630.0,116.43,117.44,116.01,116.04
88,33113340.0,170.8,171.47,169.68,16339690.0,174.68,175.42,174.5,20848660.0,174.17,176.02,174.1,174.87
89,31639010.0,105.66,106.57,105.64,24817940.0,105.8,106.5,105.5,24900130.0,106.62,107.44,106.29,107.41
90,21905160.0,162.09,162.24,160.36,21610300.0,162.71,162.99,160.52,29491910.0,163.75,164.25,160.56,164.8
91,43700570.0,141.0,141.0,139.89,19173780.0,140.72,141.02,140.26,25676720.0,139.41,140.75,139.03,139.3
92,30684390.0,186.51,191.92,185.77,22526310.0,183.08,185.47,182.15,29773430.0,184.28,184.99,181.14,175.44
93,27185130.0,186.12,186.15,184.7,25649240.0,187.25,188.35,184.94,20490090.0,186.35,187.2,185.73,185.14
94,33520150.0,151.27,153.34,151.13,50674280.0,153.6,154.57,149.71,19994270.0,155.94,156.06,154.72,156.01
95,33753490.0,165.38,167.53,164.39,43250420.0,165.45,168.35,162.73,40620360.0,169.0,169.08,165.28,170.49
96,29616190.0,154.2,157.66,153.26,30483120.0,153.08,155.88,153.0,28449940.0,150.27,153.39,150.05,150.85
97,23527660.0,183.9,184.1,182.56,30929740.0,182.25,183.3,180.92,32416800.0,180.0,182.67,179.37,175.49
98,61192340.0,92.39,94.39,91.65,44223040.0,90.0,91.67,90.0,76183460.0,92.72,92.78,89.47,93.48
99,23693550.0,267.27,268.25,263.45,11654360.0,266.6,268.0,265.9,16386120.0,265.58,267.98,265.31,266.94
100,33829290.0,120.96,121.81,120.05,33009110.0,121.11,121.81,120.62,39483400.0,121.85,122.69,120.18,123.13
101,25058280.0,101.91,102.91,101.78,27368840.0,102.24,102.28,101.5,33490630.0,101.41,102.24,100.15,101.31
102,23975350.0,194.99,195.19,190.1,19005150.0,194.61,195.96,193.61,16553500.0,193.06,194.85,192.43,192.45
103,34117030.0,107.12,108.87,106.55,57097740.0,111.09,111.09,105.83,59118740.0,109.88,111.32,108.05,110.31
104,64094970.0,277.39,281.22,271.86,71322520.0,277.14,286.44,269.37,71686210.0,263.75,278.09,263.0,282.0
105,28321440.0,131.65,132.45,131.12,22941650.0,131.35,132.22,131.22,38158410.0,130.54,132.09,130.45,129.13
106,41156140.0,171.51,174.77,170.88,44662320.0,174.24,174.95,170.26,23623970.0,174.94,176.6,172.1,179.73
107,18631540.0,154.26,154.45,152.72,26204670.0,153.21,154.13,152.0,21983410.0,153.89,154.28,152.7,153.8
108,29024690.0,279.8,281.9,279.12,28575800.0,279.57,281.77,278.8,32081110.0,277.0,280.79,276.98,271.46
109,95584080.0,220.78,221.36,217.29,26388050.0,220.24,222.28,219.15,26869880.0,218.5,219.62,215.3,217.79
110,39483400.0,121.85,122.69,120.18,44829060.0,123.13,123.82,121.62,45479260.0,120.79,123.49,120.7,119.87
111,31672220.0,98.53,99.35,98.48,26575570.0,98.5,99.99,98.46,20839950.0,99.02,99.56,98.68,99.25
112,76562170.0,110.15,111.88,107.36,56111590.0,112.03,114.53,112.0,53075960.0,112.17,113.31,111.54,112.23
113,85436210.0,116.93,119.3,116.06,67673450.0,115.4,116.54,113.99,66139770.0,118.08,118.13,114.92,116.7
114,71322520.0,277.14,286.44,269.37,71686210.0,263.75,278.09,263.0,56544250.0,282.0,290.82,281.23,295.52
115,28411740.0,160.86,161.15,158.53,21905160.0,162.09,162.24,160.36,21610300.0,162.71,162.99,160.52,163.75
116,24413480.0,234.9,238.13,234.67,41990210.0,232.95,237.64,232.31,28962980.0,227.93,230.44,227.3,227.03
117,16365720.0,191.78,191.8,189.93,15515000.0,189.75,191.87,189.2,15009800.0,191.52,192.65,190.42,191.08
118,25289270.0,209.98,210.12,206.75,33291640.0,205.97,210.06,204.13,31774720.0,201.92,204.72,201.69,204.3
119,17117710.0,143.5,143.95,143.18,17290900.0,142.44,142.68,141.85,23294040.0,141.22,142.92,141.16,141.88
120,46461610.0,104.64,105.72,103.13,52955310.0,107.25,107.27,105.24,42250480.0,107.83,108.76,107.07,107.9
121,57423650.0,144.53,148.55,143.8,91106840.0,143.98,145.72,142.0,35637070.0,154.89,158.85,154.23,158.53
122,19217810.0,153.73,154.35,153.03,19201820.0,153.84,154.17,152.67,19906170.0,154.9,154.9,153.31,154.0
123,29271890.0,281.8,284.54,279.95,31627180.0,277.2,283.01,277.0,31203580.0,275.87,281.75,274.87,273.61
124,47800590.0,198.8,200.85,198.15,21513990.0,200.37,200.61,198.03,21124240.0,199.68,199.88,197.31,196.05
125,31380450.0,323.5,324.24,316.5,20450750.0,315.77,319.23,315.35,25672210.0,318.66,320.89,315.87,316.68
126,21564750.0,212.99,213.65,211.6,26919530.0,210.88,213.35,210.32,24431920.0,210.62,212.73,210.03,204.28
127,20117070.0,147.97,149.33,147.33,25080500.0,145.5,148.49,145.44,24833800.0,145.87,146.18,144.82,144.73
128,29644640.0,293.79,299.96,292.75,36633880.0,297.15,300.58,296.5,33911860.0,296.24,300.6,295.19,289.93
129,30967960.0,175.44,179.83,174.52,40396070.0,175.6,177.92,170.27,27043580.0,176.23,177.99,174.99,177.95
130,14277850.0,144.88,145.3,143.1,22986960.0,144.45,144.96,143.78,31450520.0,144.71,145.13,142.28,144.49
131,18969700.0,159.78,160.87,159.23,24093300.0,157.9,160.0,157.65,16367780.0,156.73,157.28,156.41,156.35
132,24100150.0,116.86,117.38,116.33,19977160.0,117.25,117.76,113.8,24308210.0,118.18,118.21,117.45,117.33
133,42223820.0,262.74,267.37,261.23,50721830.0,270.8,271.7,259.0,50455070.0,250.9,263.11,249.38,242.8
134,73991000.0,112.21,114.3,111.87,63712340.0,115.66,116.49,113.72,37080720.0,116.25,116.54,115.44,115.93
135,13909560.0,208.89,209.24,206.73,14991570.0,207.67,209.15,207.17,18355210.0,208.46,208.91,207.29,203.65
136,64782910.0,155.19,155.19,146.02,21144040.0,155.25,155.54,154.4,21017560.0,155.02,155.98,154.48,153.9
137,20182050.0,189.69,192.55,189.69,16365720.0,191.78,191.8,189.93,15515000.0,189.75,191.87,189.2,191.52
138,43665160.0,93.37,93.45,91.85,35850220.0,94.0,94.07,92.68,40984160.0,95.2,95.9,93.82,94.2
139,35626020.0,117.88,118.17,117.13,35041820.0,116.79,117.44,115.72,37512930.0,117.35,117.98,116.75,117.7
140,41459120.0,172.63,172.92,167.16,26387240.0,174.3,174.87,171.86,20591090.0,175.05,175.08,173.34,175.1
141,29976030.0,109.26,111.19,109.16,26160560.0,109.5,110.36,109.19,34113880.0,110.0,110.03,108.25,109.17
142,24129630.0,110.31,111.72,109.7,32361930.0,110.08,110.51,109.46,30790930.0,108.53,110.25,108.11,110.98
143,19977160.0,117.25,117.76,113.8,24308210.0,118.18,118.21,117.45,23583810.0,117.33,117.84,116.78,117.88
144,72274300.0,95.1,98.19,93.42,52960810.0,98.41,98.65,95.5,79356010.0,96.2,97.71,95.36,97.96
145,36151450.0,111.6,112.2,110.27,28507780.0,110.78,112.03,110.07,27054320.0,111.43,112.47,111.39,111.13
146,56157370.0,111.07,111.99,108.8,53168580.0,111.94,112.8,110.35,64678220.0,112.18,112.68,109.79,115.19
147,30929740.0,182.25,183.3,180.92,32416800.0,180.0,182.67,179.37,31123000.0,175.49,179.12,175.35,170.32
148,16339690.0,174.68,175.42,174.5,20848660.0,174.17,176.02,174.1,23451420.0,174.87,175.42,173.25,175.03
149,36505420.0,93.97,94.55,93.63,40387960.0,92.9,93.66,92.14,45595680.0,93.0,93.05,91.5,92.91
150,76183460.0,92.72,92.78,89.47,28641180.0,93.48,93.57,92.46,33653020.0,93.33,93.57,92.11,93.0
151,28784550.0,222.21,224.8,220.2,33507770.0,227.96,228.41,220.58,31961120.0,230.78,232.35,226.73,230.05
152,24435010.0,227.25,230.0,226.63,23171020.0,227.95,229.42,226.35,22560440.0,224.79,225.84,224.02,223.82
153,15955820.0,190.68,191.96,189.56,20670830.0,191.78,192.43,190.17,20182050.0,189.69,192.55,189.69,191.78
154,21466370.0,150.58,152.44,149.9,25111310.0,149.99,150.44,148.88,17170490.0,151.5,151.74,150.19,150.48
155,18890250.0,171.58,173.0,171.38,17154540.0,171.8,172.37,170.3,25323890.0,171.19,173.32,170.99,169.71
156,24185530.0,203.12,204.15,202.52,28865310.0,199.54,203.38,198.61,25668330.0,199.46,201.37,198.56,198.58
157,34135230.0,119.2,119.92,118.85,43233950.0,117.64,119.75,116.76,46559730.0,115.76,117.49,115.5,114.92
158,25129510.0,175.11,175.38,174.27,29422610.0,175.11,176.1,173.14,24358920.0,174.66,176.24,174.33,173.91
159,25682700.0,216.8,217.19,214.03,30149410.0,218.1,219.18,215.11,35034410.0,213.44,217.95,213.16,211.75
160,21634520.0,112.71,113.05,112.28,36340670.0,112.46,113.37,111.8,35850010.0,113.16,113.8,111.8,113.69
161,24487200.0,136.23,136.75,135.98,22163280.0,135.1,135.83,135.1,22539860.0,135.67,135.9,134.84,135.52
162,41523580.0,182.66,182.8,177.7,45941750.0,176.73,181.29,174.93,41156140.0,171.51,174.77,170.88,174.24
163,21480120.0,192.42,192.88,190.44,16859020.0,191.39,192.61,191.15,18069930.0,191.35,191.97,190.21,191.17
164,20059570.0,206.43,206.98,204.22,21162560.0,210.16,210.45,207.2,21007650.0,208.5,209.32,206.66,204.1
165,23583810.0,117.33,117.84,116.78,35626020.0,117.88,118.17,117.13,35041820.0,116.79,117.44,115.72,117.35
166,48079330.0,116.1,116.52,114.68,34525630.0,116.43,117.44,116.01,40827260.0,116.04,117.65,115.5,114.32
167,39281290.0,287.38,288.2,282.35,32788640.0,282.4,286.33,280.63,48748670.0,280.0,288.25,278.05,268.31
168,25093670.0,263.68,265.78,263.01,22395560.0,263.75,264.88,262.1,25817590.0,261.13,264.78,261.07,261.55
169,35850220.0,94.0,94.07,92.68,40984160.0,95.2,95.9,93.82,56770080.0,94.2,95.74,93.68,93.97
170,15009800.0,191.52,192.65,190.42,12506830.0,191.08,191.84,190.9,18000180.0,189.53,191.41,189.31,188.5
171,35644510.0,218.01,224.3,216.56,39194720.0,220.95,221.85,216.47,37418910.0,221.85,225.37,220.71,226.23
172,32970790.0,110.82,112.45,110.68,30386830.0,112.73,112.75,111.44,52720620.0,110.0,112.28,109.49,110.19
173,21895020.0,154.0,154.24,153.31,19217810.0,153.73,154.35,153.03,19201820.0,153.84,154.17,152.67,154.9
174,45751160.0,203.06,203.4,199.11,22010360.0,204.4,205.97,203.86,18612770.0,204.9,205.0,202.12,206.83
175,15515000.0,189.75,191.87,189.2,15009800.0,191.52,192.65,190.42,12506830.0,191.08,191.84,190.9,189.53
176,58133850.0,148.3,157.23,146.72,37169230.0,148.15,151.55,146.59,95497900.0,156.86,158.16,149.63,160.4
177,20912820.0,193.63,194.08,191.92,21535570.0,193.07,193.94,192.36,26190620.0,191.64,193.42,191.35,187.99
178,21884010.0,171.04,171.39,169.64,23598650.0,171.18,171.87,170.3,28998220.0,169.97,170.32,168.38,173.04
179,40613260.0,166.11,169.0,164.56,60800480.0,163.25,166.15,160.23,39914850.0,156.25,158.13,154.11,155.79
180,22409110.0,187.6,188.75,186.87,17186760.0,188.23,189.65,187.65,23129400.0,188.77,188.84,186.21,186.35
181,33861320.0,351.34,359.46,351.15,66118950.0,354.64,356.56,345.15,24205100.0,351.41,353.45,349.22,355.15
182,36928090.0,332.14,345.61,332.01,23913630.0,330.25,333.6,327.32,34312550.0,323.35,331.75,323.23,324.39
183,28877500.0,96.49,96.89,96.05,24460850.0,95.7,96.5,95.62,30877540.0,94.6,95.66,94.37,95.39
184,27254850.0,146.76,148.98,146.76,23345970.0,146.52,147.14,145.81,45579740.0,145.59,147.49,144.27,147.54
185,16412270.0,171.0,171.85,170.48,21477380.0,170.1,170.78,169.71,33113340.0,170.8,171.47,169.68,174.68
186,17014490.0,188.0,188.91,186.36,19046600.0,186.07,188.46,186.0,23639070.0,186.78,187.07,185.1,189.01
187,20755140.0,174.67,175.49,173.94,19238480.0,175.94,176.0,174.54,27413060.0,175.69,177.75,173.97,174.28
188,28976200.0,169.88,173.09,169.85,34949690.0,170.97,172.48,168.2,26750260.0,172.58,174.23,172.08,164.88
189,28962980.0,227.93,230.44,227.3,19029420.0,227.03,227.79,225.64,29282700.0,225.82,228.06,224.33,226.27
190,35217270.0,310.6,312.67,308.25,42621540.0,307.24,310.43,306.2,33090950.0,297.16,304.44,297.16,299.84
191,17192770.0,149.89,150.23,149.19,32429770.0,153.75,153.99,147.3,15649120.0,153.35,153.93,153.06,151.8
192,36187160.0,225.07,228.22,224.2,26318580.0,220.9,224.58,220.79,25361290.0,220.54,220.96,217.28,220.0
193,17223790.0,154.97,155.49,154.56,21215870.0,154.18,155.44,154.05,20088940.0,153.63,153.86,152.46,154.01
194,20710390.0,188.95,189.56,187.53,29771210.0,188.75,189.76,186.55,49696100.0,191.66,192.88,184.58,191.51
195,35034410.0,213.44,217.95,213.16,27595310.0,211.75,213.81,211.47,28595230.0,209.22,210.74,208.33,210.16
196,27953810.0,174.32,174.91,172.92,27817640.0,173.21,175.0,172.73,16991610.0,173.71,175.3,173.17,174.16
197,22526310.0,183.08,185.47,182.15,29773430.0,184.28,184.99,181.14,30967960.0,175.44,179.83,174.52,175.6
198,36487930.0,211.15,215.18,209.27,45713690.0,219.19,219.69,206.09,47191700.0,215.9,220.19,212.67,217.71
199,23589930.0,173.44,175.37,173.05,22342650.0,172.54,173.47,172.08,29461040.0,172.53,174.55,171.96,170.16
200,33009110.0,121.11,121.81,120.62,39483400.0,121.85,122.69,120.18,44829060.0,123.13,123.82,121.62,120.79
201,24143240.0,247.42,249.25,246.72,18369300.0,243.16,246.73,242.88,17916260.0,244.51,244.8,241.81,242.1
202,39424260.0,180.29,180.33,177.03,41523580.0,182.66,182.8,177.7,45941750.0,176.73,181.29,174.93,171.51
203,24592460.0,207.36,209.1,206.67,23389530.0,207.28,209.78,207.2,22493750.0,206.05,207.81,204.52,209.32
204,35850010.0,113.16,113.8,111.8,29608390.0,113.69,114.64,113.43,24587490.0,113.0,113.18,112.34,111.64
205,18369300.0,243.16,246.73,242.88,17916260.0,244.51,244.8,241.81,19932550.0,242.1,243.24,241.22,241.16
206,32512580.0,172.48,172.62,169.63,39735110.0,169.95,171.67,168.5,41484540.0,170.43,172.14,168.44,172.63
207,39732270.0,304.51,309.79,301.53,50155640.0,312.15,315.95,303.21,40575260.0,317.83,319.69,310.91,308.1
208,27043580.0,176.23,177.99,174.99,21218410.0,177.95,179.23,176.67,28481170.0,176.42,179.35,176.0,178.92
209,42621540.0,307.24,310.43,306.2,33090950.0,297.16,304.44,297.16,27877660.0,299.84,300.9,297.48,293.79
210,14244050.0,115.59,116.52,115.59,26043820.0,116.35,116.51,115.64,23724430.0,116.8,117.4,116.78,116.74
211,16380570.0,156.35,157.37,155.73,16861450.0,155.97,156.98,155.75,15603520.0,156.06,158.0,155.1,155.81
212,27057550.0,118.9,119.3,118.21,27453130.0,118.74,119.93,118.6,24432660.0,118.77,119.38,118.3,117.95
213,34260230.0,176.15,179.25,175.07,29512410.0,177.9,179.39,176.14,25302200.0,176.18,177.36,175.65,174.59
214,37568080.0,179.26,180.62,178.05,38885510.0,179.1,180.48,178.16,37353670.0,176.35,179.39,176.21,173.67
215,25779060.0,153.63,153.94,152.11,38907940.0,153.87,154.88,153.45,48670440.0,149.03,153.7,149.03,146.76
216,18325720.0,143.91,144.9,143.87,17117710.0,143.5,143.95,143.18,17290900.0,142.44,142.68,141.85,141.22
217,26892850.0,153.38,153.98,152.63,33520150.0,151.27,153.34,151.13,50674280.0,153.6,154.57,149.71,155.94
218,20839950.0,99.02,99.56,98.68,22378380.0,99.25,99.87,98.96,23265200.0,97.99,101.89,97.55,97.79
219,43218350.0,115.93,116.53,114.42,58279570.0,116.58,116.89,114.86,49793750.0,111.79,114.21,111.76,110.27
220,20495340.0,122.14,122.35,121.6,26320740.0,121.67,122.44,121.6,32417410.0,120.42,122.1,120.28,119.55
221,34454120.0,316.27,318.74,315.0,27207250.0,313.59,315.7,312.09,30480880.0,311.85,315.5,309.55,316.7
222,25864510.0,207.7,210.95,207.7,24592460.0,207.36,209.1,206.67,23389530.0,207.28,209.78,207.2,206.05
223,20254650.0,317.75,322.35,317.21,38399530.0,319.25,321.15,316.47,33449100.0,316.77,323.44,315.63,316.14
224,22277930.0,203.65,207.23,203.61,20929310.0,205.79,206.5,202.36,18582160.0,204.0,205.88,203.7,204.05
225,41208710.0,197.42,198.85,192.77,34908610.0,200.4,201.68,196.66,26339500.0,201.9,205.34,201.75,205.88
226,26167950.0,189.49,190.06,187.45,27942430.0,187.74,190.37,187.65,23141260.0,186.55,187.4,185.22,184.99
227,27877660.0,299.84,300.9,297.48,29644640.0,293.79,299.96,292.75,36633880.0,297.15,300.58,296.5,296.24
228,28236270.0,316.14,318.71,313.09,31380450.0,323.5,324.24,316.5,20450750.0,315.77,319.23,315.35,318.66
229,13596680.0,109.0,109.0,107.95,32618140.0,107.27,108.85,107.2,32728460.0,107.4,107.72,106.45,107.28
230,32895650.0,93.0,93.77,92.59,43665160.0,93.37,93.45,91.85,35850220.0,94.0,94.07,92.68,95.2
231,25568350.0,105.47,106.25,104.89,25686350.0,106.48,107.07,105.9,32345430.0,105.25,107.29,105.21,105.93
232,18904680.0,143.6,143.88,142.9,16658660.0,143.73,144.18,143.27,21131040.0,144.29,144.52,143.45,144.22
233,22367480.0,237.52,240.99,237.32,24377170.0,234.59,237.58,234.29,17272900.0,235.09,236.15,233.52,233.37
234,29729270.0,223.82,226.44,223.54,23430370.0,221.0,223.75,219.76,22811140.0,219.75,222.82,219.7,216.82
235,25820460.0,108.78,110.0,108.2,25763840.0,109.72,109.9,108.88,45547590.0,108.65,110.42,108.6,104.89
236,38158410.0,130.54,132.09,130.45,26784530.0,129.13,130.5,128.9,24460160.0,128.31,129.19,128.16,127.98
237,20848660.0,174.17,176.02,174.1,23451420.0,174.87,175.42,173.25,27393660.0,175.03,175.39,174.09,174.88
238,43233950.0,117.64,119.75,116.76,46559730.0,115.76,117.49,115.5,27584020.0,114.92,115.05,113.32,111.38
239,18503410.0,187.72,188.0,186.78,22409110.0,187.6,188.75,186.87,17186760.0,188.23,189.65,187.65,188.77
240,20028450.0,324.74,325.98,322.85,23686890.0,324.19,326.22,323.35,28432570.0,321.47,327.22,321.47,323.6
241,27715140.0,153.58,155.45,152.89,16383610.0,153.17,153.33,152.22,24452750.0,153.97,154.17,152.38,153.42
242,28157630.0,160.11,160.5,158.0,48846060.0,158.47,160.97,158.0,23637310.0,158.99,159.4,158.09,159.87
243,20490090.0,186.35,187.2,185.73,33538550.0,185.14,186.33,183.45,18458410.0,187.88,189.22,187.2,190.03
244,29748560.0,184.66,185.71,182.55,28364850.0,185.22,188.0,184.7,38612290.0,183.52,184.35,180.28,186.93
245,45968040.0,171.66,171.79,167.0,61759000.0,165.0,170.09,163.33,41678680.0,173.49,174.49,168.3,171.76
246,31454590.0,147.5,147.5,143.84,34089190.0,147.16,147.45,145.15,72187710.0,145.74,146.09,142.51,155.19
247,16386120.0,265.58,267.98,265.31,26334880.0,266.94,267.16,262.5,21029520.0,262.71,266.44,262.52,262.59
248,19970040.0,143.71,144.12,143.05,19576480.0,143.72,144.27,143.01,21189000.0,144.19,144.5,143.5,143.68
249,50943120.0,190.02,196.33,189.81,31003380.0,186.23,189.49,184.73,31440300.0,188.35,188.99,185.92,185.8
250,66300930.0,110.17,111.54,108.73,73230280.0,112.83,113.51,107.86,51861990.0,113.85,114.57,112.44,116.44
251,26356390.0,322.57,325.22,320.26,29706720.0,323.52,324.76,318.95,34154130.0,315.31,319.64,313.63,304.3
252,26204670.0,153.21,154.13,152.0,21983410.0,153.89,154.28,152.7,25402270.0,153.8,154.72,153.54,151.78
253,48929200.0,111.34,114.17,110.82,29723750.0,110.8,111.75,110.11,38794930.0,111.78,112.0,110.53,110.93
254,18761470.0,191.55,193.59,190.3,21674630.0,194.7,196.79,193.6,18253190.0,193.95,195.97,193.39,194.86
255,45970470.0,129.08,129.62,128.31,35987630.0,127.74,128.57,127.35,33559770.0,125.72,127.15,125.58,126.04
256,58724080.0,106.7,110.23,106.6,32230590.0,106.57,107.68,106.16,50901380.0,107.71,107.81,104.08,107.12
257,22493750.0,206.05,207.81,204.52,25525650.0,209.32,209.5,206.76,25396100.0,208.0,209.25,207.07,207.03
258,34355970.0,96.0,96.57,95.03,60793260.0,96.62,96.65,95.3,31251870.0,96.45,97.75,96.07,97.82
259,37708360.0,98.69,99.12,97.1,31672220.0,98.53,99.35,98.48,26575570.0,98.5,99.99,98.46,99.02
260,26393770.0,107.7,108.0,106.82,26675250.0,106.14,106.8,105.62,31639010.0,105.66,106.57,105.64,105.8
261,15649120.0,153.35,153.93,153.06,18798250.0,151.8,153.84,151.8,21466370.0,150.58,152.44,149.9,149.99
262,22052920.0,144.49,146.11,143.16,24725210.0,145.01,146.16,143.62,25674500.0,147.17,148.28,145.38,145.13
263,32018540.0,150.85,151.27,149.22,26924630.0,152.88,153.7,151.51,35661200.0,152.5,153.97,150.86,151.29
264,25001730.0,107.39,107.88,106.68,23606240.0,108.57,108.75,107.68,21236850.0,108.59,109.32,108.53,108.86
265,18383080.0,188.0,189.27,186.91,18083080.0,187.19,187.81,186.13,17014490.0,188.0,188.91,186.36,186.07
266,35824790.0,196.31,198.07,194.04,52392970.0,197.99,198.65,192.58,40862120.0,205.53,206.43,201.63,213.9
267,47539790.0,201.02,212.14,200.83,22481890.0,199.62,202.05,199.15,24619750.0,201.3,202.76,199.29,200.2
268,34089190.0,147.16,147.45,145.15,72187710.0,145.74,146.09,142.51,64782910.0,155.19,155.19,146.02,155.25
269,23724430.0,116.8,117.4,116.78,21337310.0,116.74,117.5,116.68,27756760.0,115.8,117.38,115.75,116.47
270,21329170.0,194.14,194.2,192.34,20912820.0,193.63,194.08,191.92,21535570.0,193.07,193.94,192.36,191.64
271,32771760.0,110.8,112.34,110.8,27150570.0,109.34,110.5,108.66,29357940.0,108.97,110.61,108.83,108.91
272,46820600.0,117.95,118.36,117.31,23492650.0,117.1,117.74,117.0,22527690.0,116.81,116.91,116.28,116.86
273,25879680.0,97.41,97.67,96.84,24129530.0,97.17,97.7,97.12,23317990.0,96.75,97.65,96.73,96.49
274,33420290.0,117.95,119.43,117.94,31714820.0,116.78,118.16,116.47,22115100.0,115.92,116.86,115.81,115.85
275,11654360.0,266.6,268.0,265.9,16386120.0,265.58,267.98,265.31,26334880.0,266.94,267.16,262.5,262.71
276,61747260.0,110.19,110.19,108.21,46717770.0,111.74,111.77,109.41,48702200.0,110.63,111.74,109.77,109.88
277,25676720.0,139.41,140.75,139.03,15281850.0,139.3,139.65,138.84,17048800.0,138.85,139.43,138.82,139.25
278,33259460.0,157.5,157.88,155.98,29616190.0,154.2,157.66,153.26,30483120.0,153.08,155.88,153.0,150.27
279,32340620.0,107.88,108.0,106.23,60784920.0,108.89,108.95,106.94,46873670.0,112.11,112.3,109.73,111.62
280,35767260.0,223.06,223.58,217.93,36187160.0,225.07,228.22,224.2,26318580.0,220.9,224.58,220.79,220.54
281,42287640.0,195.34,197.69,190.78,50943120.0,190.02,196.33,189.81,31003380.0,186.23,189.49,184.73,188.35
282,75219710.0,92.91,94.66,92.65,32042290.0,95.94,96.29,95.25,29124140.0,96.25,96.89,95.35,94.94
283,33482970.0,169.87,169.94,165.61,35779520.0,167.9,169.65,166.94,44651420.0,163.89,168.07,163.72,159.29
284,68388840.0,93.99,94.72,92.51,82107120.0,97.61,97.88,94.25,114436300.0,96.0,98.71,95.68,103.91
285,23839880.0,108.71,108.9,107.76,26296260.0,108.23,108.94,108.01,28010430.0,107.52,108.37,107.16,106.27
286,33290830.0,228.99,229.67,225.1,27363960.0,228.41,229.18,226.63,43177540.0,226.51,228.87,226.0,223.25
287,25829880.0,196.42,200.23,196.34,18473070.0,196.45,197.1,195.93,19090050.0,194.79,196.37,193.14,193.25
288,39668100.0,167.64,168.5,165.28,33482970.0,169.87,169.94,165.61,35779520.0,167.9,169.65,166.94,163.89
289,34154130.0,315.31,319.64,313.63,43496400.0,304.3,313.49,302.22,49897100.0,320.93,322.68,308.29,320.54
290,40026250.0,103.96,105.18,103.85,25058280.0,101.91,102.91,101.78,27368840.0,102.24,102.28,101.5,101.41
291,35617230.0,164.0,164.33,160.63,27850370.0,164.12,165.73,163.37,28331540.0,162.62,165.42,162.41,165.67
292,80605870.0,241.95,259.08,240.0,92683030.0,264.89,279.92,252.95,104618500.0,255.94,270.0,248.0,277.39
293,36059610.0,289.46,292.69,285.22,36592940.0,291.12,293.97,288.12,23334000.0,284.82,289.98,284.7,284.69
294,25672210.0,318.66,320.89,315.87,27876220.0,316.68,319.52,316.2,25432390.0,315.03,318.52,313.01,313.17
295,46937190.0,115.19,116.18,113.25,79763890.0,115.12,116.13,114.04,90398170.0,113.86,115.73,113.49,108.73
296,23623970.0,174.94,176.6,172.1,31096240.0,179.73,180.27,176.55,67678680.0,178.37,181.47,175.51,190.0
297,36087910.0,115.02,116.75,114.72,24336440.0,114.31,114.56,113.51,28508710.0,113.7,114.34,113.13,113.4
298,16916650.0,157.23,157.83,156.78,21175670.0,156.91,157.55,155.27,17633730.0,156.29,157.42,156.2,156.89
299,23766360.0,99.56,100.0,99.34,36464530.0,98.7,100.13,98.6,30031410.0,98.92,99.3,98.5,97.39
300,22941650.0,131.35,132.22,131.22,38158410.0,130.54,132.09,130.45,26784530.0,129.13,130.5,128.9,128.31
301,28510370.0,367.85,370.47,363.64,27684310.0,365.12,367.36,363.91,35055820.0,360.08,365.98,360.0,353.25
302,115288400.0,121.99,125.5,121.99,73006780.0,132.85,132.92,130.32,55204920.0,130.97,132.97,130.7,129.08
303,34499390.0,158.53,159.36,156.48,41740600.0,157.5,158.52,154.55,51608850.0,155.84,156.77,150.07,148.3
304,46882840.0,209.43,212.05,201.0,22267820.0,213.19,214.44,210.75,21564750.0,212.99,213.65,211.6,210.88
305,39763300.0,220.0,220.79,217.02,32226670.0,224.8,226.42,222.86,44289650.0,218.07,223.71,217.73,213.86
306,50036510.0,344.72,347.8,334.22,50415610.0,349.31,351.06,335.48,41662940.0,347.9,354.77,346.09,332.14
307,32874330.0,218.06,221.26,217.43,32389280.0,217.86,219.74,213.0,22692880.0,222.3,222.64,219.34,218.93
308,25338630.0,200.81,201.4,198.41,17265520.0,203.35,205.08,202.9,11362050.0,203.28,204.44,202.69,201.41
309,33449100.0,316.77,323.44,315.63,28236270.0,316.14,318.71,313.09,31380450.0,323.5,324.24,316.5,315.77
310,38866100.0,98.84,98.89,96.09,44811800.0,96.67,98.21,96.15,48032600.0,95.02,96.85,94.61,94.19
311,37322930.0,110.42,112.19,110.27,25820460.0,108.78,110.0,108.2,25763840.0,109.72,109.9,108.88,108.65
312,44289650.0,218.07,223.71,217.73,31777930.0,213.86,216.78,211.71,27309400.0,214.84,216.44,211.07,214.05
313,21888930.0,156.89,157.69,155.5,23907540.0,156.61,157.75,155.96,42357420.0,156.75,157.08,155.02,160.42
314,19906170.0,154.9,154.9,153.31,22930630.0,154.0,154.58,152.91,26892850.0,153.38,153.98,152.63,151.27
315,21175670.0,156.91,157.55,155.27,17633730.0,156.29,157.42,156.2,21888930.0,156.89,157.69,155.5,156.61
316,25111310.0,149.99,150.44,148.88,17170490.0,151.5,151.74,150.19,20859830.0,150.48,151.42,149.95,149.2
317,21532200.0,174.55,175.06,173.41,20523870.0,174.35,175.61,173.93,23589930.0,173.44,175.37,173.05,172.54
318,45547590.0,108.65,110.42,108.6,31154910.0,104.89,107.79,104.88,19354440.0,106.0,106.19,105.06,105.47
319,20320420.0,141.6,142.15,141.01,30341520.0,142.94,143.35,140.06,18904680.0,143.6,143.88,142.9,143.73
320,23046560.0,154.15,155.14,151.7,30273990.0,156.41,156.73,152.62,33259460.0,157.5,157.88,155.98,154.2
321,29377630.0,160.66,162.2,160.14,22074760.0,159.32,160.21,158.75,26208970.0,156.6,158.57,156.07,159.9
322,28813620.0,204.28,207.16,203.84,27883360.0,203.46,205.14,199.67,36547440.0,203.16,206.44,202.59,201.02
323,46418230.0,95.86,97.33,95.19,45870130.0,95.0,96.84,94.08,37190500.0,95.42,96.04,94.28,96.47
324,19690420.0,149.9,150.33,148.13,17192770.0,149.89,150.23,149.19,32429770.0,153.75,153.99,147.3,153.35
325,28487570.0,97.79,98.27,97.45,40170200.0,97.6,97.84,96.63,29139100.0,99.02,99.54,98.33,99.6
326,51467440.0,163.09,163.4,159.07,68171940.0,154.83,163.72,154.0,72215320.0,159.1,163.88,156.0,166.0
327,17897140.0,201.85,203.73,201.56,20578020.0,199.2,201.51,198.81,25338630.0,200.81,201.4,198.41,203.35
328,40653460.0,316.7,317.57,312.17,30521720.0,311.64,317.07,311.15,35217270.0,310.6,312.67,308.25,307.24
329,45870130.0,95.0,96.84,94.08,37190500.0,95.42,96.04,94.28,40814360.0,96.47,96.71,95.4,94.79
330,66072170.0,204.3,204.39,198.17,91046560.0,209.55,213.65,205.43,52954070.0,219.05,222.36,216.81,216.88
331,30480880.0,311.85,315.5,309.55,40653460.0,316.7,317.57,312.17,30521720.0,311.64,317.07,311.15,310.6
332,111837300.0,127.03,130.49,127.01,47767760.0,121.15,121.39,120.62,30327110.0,120.93,121.63,120.66,122.14
333,26083030.0,119.11,119.62,118.81,27057550.0,118.9,119.3,118.21,27453130.0,118.74,119.93,118.6,118.77
334,17427570.0,207.36,208.48,207.05,23286380.0,204.43,207.75,203.9,17841920.0,202.83,204.94,202.34,203.12
335,23765710.0,148.82,150.9,148.57,20117070.0,147.97,149.33,147.33,25080500.0,145.5,148.49,145.44,145.87
336,27468700.0,187.22,188.23,186.14,18503410.0,187.72,188.0,186.78,22409110.0,187.6,188.75,186.87,188.23
337,44434220.0,111.29,111.52,109.56,32970790.0,110.82,112.45,110.68,30386830.0,112.73,112.75,111.44,110.0
338,27584020.0,114.92,115.05,113.32,37979570.0,111.38,114.24,111.0,45555300.0,115.2,115.57,112.27,116.26
339,23141260.0,186.55,187.4,185.22,28053230.0,184.99,186.22,183.67,42557530.0,185.18,187.67,184.75,178.25
340,44182930.0,147.54,148.09,146.84,33498270.0,145.1,147.2,144.96,20783460.0,144.09,144.3,143.27,143.92
341,32483310.0,161.95,164.75,161.65,60774900.0,158.5,163.89,157.51,70583530.0,157.07,157.89,150.24,160.29
342,37512930.0,117.35,117.98,116.75,63963010.0,117.7,118.69,116.2,36087910.0,115.02,116.75,114.72,114.31
343,26932880.0,194.86,196.0,193.6,26220850.0,191.81,195.37,191.62,30684390.0,186.51,191.92,185.77,183.08
344,24683350.0,173.04,173.48,171.18,16956290.0,173.5,174.5,173.4,25129510.0,175.11,175.38,174.27,175.11
345,20088940.0,153.63,153.86,152.46,16216800.0,154.01,155.09,153.91,18631540.0,154.26,154.45,152.72,153.21
346,34437040.0,267.78,272.56,267.32,19723390.0,268.81,271.1,268.5,22632380.0,268.6,270.07,265.86,270.0
347,25554290.0,119.4,120.09,119.37,23687350.0,120.0,120.5,119.71,34412090.0,118.34,120.24,118.22,119.11
348,23495990.0,320.0,324.57,320.0,38190550.0,315.36,319.75,314.61,20028450.0,324.74,325.98,322.85,324.19
349,34908610.0,200.4,201.68,196.66,26339500.0,201.9,205.34,201.75,38763700.0,205.88,207.42,200.83,204.29
350,29357940.0,108.97,110.61,108.83,23553790.0,108.91,109.77,108.17,31735810.0,109.95,110.42,108.12,110.23
351,27052000.0,177.3,177.78,176.6,31306390.0,178.61,179.58,177.41,31087330.0,179.37,180.1,178.25,176.15
352,43293350.0,113.84,115.92,113.75,26176690.0,113.29,115.0,112.49,34324350.0,112.31,114.7,112.31,110.86
353,28540490.0,230.05,233.47,229.78,24435010.0,227.25,230.0,226.63,23171020.0,227.95,229.42,226.35,224.79
354,71937310.0,99.93,100.88,98.07,51529980.0,101.52,101.53,99.21,65648660.0,98.63,101.46,98.37,97.06
355,26117990.0,317.92,319.56,315.65,25458120.0,318.58,319.99,317.31,27710810.0,317.19,319.02,316.0,316.27
356,53038870.0,364.0,372.38,362.27,33861320.0,351.34,359.46,351.15,66118950.0,354.64,356.56,345.15,351.41
357,33511990.0,305.64,310.35,304.29,28803760.0,303.22,305.17,301.97,35583440.0,300.46,303.24,298.87,295.06
358,19998050.0,144.47,144.6,143.38,18325720.0,143.91,144.9,143.87,17117710.0,143.5,143.95,143.18,142.44
359,45765970.0,289.96,294.53,288.35,34320200.0,284.73,289.67,283.89,28001190.0,285.08,285.83,278.2,281.8
360,26176690.0,113.29,115.0,112.49,34324350.0,112.31,114.7,112.31,27049830.0,110.86,112.43,110.6,109.26
361,30273990.0,156.41,156.73,152.62,33259460.0,157.5,157.88,155.98,29616190.0,154.2,157.66,153.26,153.08
362,29707270.0,113.06,114.31,112.63,21634520.0,112.71,113.05,112.28,36340670.0,112.46,113.37,111.8,113.16
363,104618500.0,255.94,270.0,248.0,64094970.0,277.39,281.22,271.86,71322520.0,277.14,286.44,269.37,263.75
364,60793260.0,96.62,96.65,95.3,31251870.0,96.45,97.75,96.07,29373050.0,97.82,98.41,97.03,97.32
365,32931110.0,177.32,177.47,173.66,38313330.0,178.65,179.12,177.62,22676520.0,178.5,180.24,178.07,180.32
366,28174980.0,111.4,112.35,111.23,43403760.0,113.46,113.77,110.53,26378910.0,113.65,114.23,113.2,113.87
367,38116290.0,167.81,171.75,166.9,41464880.0,167.25,170.02,165.19,39824200.0,173.68,175.15,166.92,168.07
368,47597670.0,166.0,167.45,159.09,33753490.0,165.38,167.53,164.39,43250420.0,165.45,168.35,162.73,169.0
369,32230590.0,106.57,107.68,106.16,50901380.0,107.71,107.81,104.08,34117030.0,107.12,108.87,106.55,111.09
370,31396130.0,115.39,115.86,114.1,66028640.0,114.31,115.7,113.31,46820600.0,117.95,118.36,117.31,117.1
371,19620520.0,175.24,176.8,174.94,32931110.0,177.32,177.47,173.66,38313330.0,178.65,179.12,177.62,178.5
372,53454620.0,96.82,97.97,96.42,40290580.0,98.25,98.84,96.92,28218240.0,99.26,99.3,98.31,99.83
373,22481890.0,199.62,202.05,199.15,24619750.0,201.3,202.76,199.29,27009520.0,200.2,203.53,199.39,195.41
374,25400540.0,170.16,172.3,169.26,25938760.0,170.52,170.59,169.22,16412270.0,171.0,171.85,170.48,170.1
375,31644240.0,172.4,173.94,170.34,28204640.0,174.65,175.57,172.85,36054570.0,172.86,175.08,172.35,167.41
376,61681250.0,110.23,112.34,109.13,76562170.0,110.15,111.88,107.36,56111590.0,112.03,114.53,112.0,112.17
377,23598650.0,171.18,171.87,170.3,28998220.0,169.97,170.32,168.38,24683350.0,173.04,173.48,171.18,173.5
378,48748670.0,280.0,288.25,278.05,32755730.0,268.31,273.7,265.83,40529120.0,268.7,270.07,264.7,262.74
379,21218410.0,177.95,179.23,176.67,28481170.0,176.42,179.35,176.0,27948160.0,178.92,180.59,177.91,180.2
380,49793750.0,111.79,114.21,111.76,62800770.0,110.27,113.28,109.9,84757780.0,113.76,114.02,109.77,111.65
381,64332440.0,94.79,97.34,94.35,55622370.0,93.79,94.52,92.39,133059000.0,96.04,96.63,93.34,99.93
382,26178840.0,110.23,110.98,109.2,26560420.0,109.51,110.73,109.42,37322930.0,110.42,112.19,110.27,108.78
383,23317990.0,96.75,97.65,96.73,28877500.0,96.49,96.89,96.05,24460850.0,95.7,96.5,95.62,94.6
384,23430370.0,221.0,223.75,219.76,22811140.0,219.75,222.82,219.7,27581270.0,216.82,221.26,216.63,220.78
385,27817640.0,173.21,175.0,172.73,16991610.0,173.71,175.3,173.17,21846400.0,174.16,175.87,173.95,171.58
386,26122800.0,324.66,326.2,322.3,21910700.0,320.75,323.44,318.93,20254650.0,317.75,322.35,317.21,319.25
387,32042290.0,95.94,96.29,95.25,29124140.0,96.25,96.89,95.35,35407050.0,94.94,96.35,94.68,96.0
388,49678430.0,286.53,297.88,286.5,57668360.0,300.95,302.53,286.13,55548830.0,297.26,304.18,289.23,318.62
389,36054570.0,172.86,175.08,172.35,31384720.0,167.41,171.66,167.28,32644590.0,166.96,168.98,165.93,166.11
390,69281360.0,216.42,221.37,211.3,33935720.0,208.76,210.16,207.31,21673390.0,208.46,210.64,208.44,207.48
391,37847260.0,190.3,192.14,189.34,20912890.0,191.9,192.2,189.07,23975350.0,194.99,195.19,190.1,194.61
392,42557530.0,185.18,187.67,184.75,56137230.0,178.25,184.25,178.17,33944110.0,175.88,177.5,174.44,175.23
393,57097740.0,111.09,111.09,105.83,59118740.0,109.88,111.32,108.05,24129630.0,110.31,111.72,109.7,110.08
394,24619750.0,201.3,202.76,199.29,27009520.0,200.2,203.53,199.39,33364400.0,195.41,199.56,193.82,196.31
395,20670830.0,191.78,192.43,190.17,20182050.0,189.69,192.55,189.69,16365720.0,191.78,191.8,189.93,189.75
396,18798250.0,151.8,153.84,151.8,21466370.0,150.58,152.44,149.9,25111310.0,149.99,150.44,148.88,151.5
397,22267820.0,213.19,214.44,210.75,21564750.0,212.99,213.65,211.6,26919530.0,210.88,213.35,210.32,210.62
398,26148590.0,185.8,188.39,185.79,39017490.0,184.85,187.33,183.74,23527660.0,183.9,184.1,182.56,182.25
399,34317760.0,205.55,206.01,202.25,25289270.0,209.98,210.12,206.75,33291640.0,205.97,210.06,204.13,201.92
400,20450750.0,315.77,319.23,315.35,25672210.0,318.66,320.89,315.87,27876220.0,316.68,319.52,316.2,315.03
401,38426060.0,172.8,176.3,172.45,48706170.0,178.54,179.78,172.66,37568080.0,179.26,180.62,178.05,179.1
402,16252850.0,160.42,160.71,159.6,18969700.0,159.78,160.87,159.23,24093300.0,157.9,160.0,157.65,156.73
403,16041550.0,170.29,170.56,169.56,21884010.0,171.04,171.39,169.64,23598650.0,171.18,171.87,170.3,169.97
404,25982080.0,95.49,96.47,95.33,35783320.0,94.44,95.77,94.3,36505420.0,93.97,94.55,93.63,92.9
405,43751810.0,191.51,191.98,186.6,42287640.0,195.34,197.69,190.78,50943120.0,190.02,196.33,189.81,186.23
406,53920550.0,93.13,95.7,93.04,46315620.0,96.52,96.92,93.69,46418230.0,95.86,97.33,95.19,95.0
407,31416910.0,106.93,106.93,105.52,30576980.0,106.64,108.09,106.06,32340620.0,107.88,108.0,106.23,108.89
408,37781330.0,249.54,255.93,249.16,34790520.0,247.24,249.17,237.26,31130520.0,244.76,245.3,241.21,248.97
409,63000140.0,97.96,100.48,95.74,62285770.0,100.32,101.19,97.3,49046150.0,100.55,100.69,98.84,98.97
410,54507300.0,111.65,112.56,110.32,49904460.0,108.97,110.45,108.51,53142590.0,112.49,112.78,110.04,110.23
411,33090950.0,297.16,304.44,297.16,27877660.0,299.84,300.9,297.48,29644640.0,293.79,299.96,292.75,297.15
412,22811140.0,219.75,222.82,219.7,27581270.0,216.82,221.26,216.63,95584080.0,220.78,221.36,217.29,220.24
413,25897340.0,207.86,208.55,203.53,26066130.0,205.86,207.19,205.06,46882840.0,209.43,212.05,201.0,213.19
414,36937800.0,295.06,301.0,294.46,33391990.0,289.17,293.69,286.32,60154180.0,286.25,299.0,285.85,289.96
415,22632380.0,268.6,270.07,265.86,32182650.0,270.0,270.8,264.91,26547490.0,267.48,271.0,267.3,263.79
416,48696960.0,223.25,228.26,222.4,27074260.0,220.15,223.49,219.41,22751390.0,219.01,220.54,218.92,217.15
417,30148360.0,104.81,105.84,104.77,33770220.0,106.05,106.07,104.0,38018910.0,104.41,106.15,104.41,104.19
418,24833800.0,145.87,146.18,144.82,18647220.0,144.73,145.85,144.38,21080580.0,144.11,145.95,143.37,142.9
419,18647220.0,144.73,145.85,144.38,21080580.0,144.11,145.95,143.37,18527000.0,142.9,144.75,142.9,143.02
420,24378480.0,182.99,186.53,182.54,31632320.0,183.4,184.92,180.73,27185130.0,186.12,186.15,184.7,187.25
421,63712340.0,115.66,116.49,113.72,37080720.0,116.25,116.54,115.44,43218350.0,115.93,116.53,114.42,116.58
422,34806250.0,118.75,118.81,116.86,38063130.0,117.99,119.41,117.75,13046450.0,118.29,118.41,117.6,119.21
423,27710810.0,317.19,319.02,316.0,34454120.0,316.27,318.74,315.0,27207250.0,313.59,315.7,312.09,311.85
424,31087330.0,179.37,180.1,178.25,34260230.0,176.15,179.25,175.07,29512410.0,177.9,179.39,176.14,176.18
425,28595230.0,209.22,210.74,208.33,20679270.0,210.16,210.56,208.26,25864510.0,207.7,210.95,207.7,207.36
426,30386830.0,112.73,112.75,111.44,52720620.0,110.0,112.28,109.49,61747260.0,110.19,110.19,108.21,111.74
427,25302200.0,176.18,177.36,175.65,18653380.0,174.59,175.49,174.49,23751690.0,173.16,174.3,173.0,174.55
428,25432390.0,315.03,318.52,313.01,33843130.0,313.17,316.5,310.32,41587090.0,300.35,307.9,300.21,304.51
429,27850370.0,164.12,165.73,163.37,28331540.0,162.62,165.42,162.41,33674960.0,165.67,166.33,161.22,166.84
430,26544720.0,186.27,191.75,186.02,36529680.0,186.41,189.7,185.41,57430620.0,187.71,189.48,182.85,197.42
431,26481320.0,109.17,110.09,108.85,37034520.0,110.37,110.94,109.03,36151450.0,111.6,112.2,110.27,110.78
432,96820670.0,117.81,118.18,113.33,54851010.0,116.53,119.99,116.53,38610120.0,114.58,116.25,114.5,115.97
433,33490630.0,101.41,102.24,100.15,27148530.0,101.31,101.58,100.27,31538710.0,100.78,101.76,100.4,102.39
434,18776390.0,188.5,189.78,187.61,15801370.0,190.71,191.28,190.18,19636390.0,189.5,190.68,189.3,185.42
435,26160560.0,109.5,110.36,109.19,34113880.0,110.0,110.03,108.25,26481320.0,109.17,110.09,108.85,110.37
436,60547340.0,193.9,194.48,185.93,46725710.0,191.63,197.18,191.45,50991030.0,199.0,199.85,193.79,205.55
437,22539860.0,135.67,135.9,134.84,35578640.0,135.52,136.27,134.62,33054500.0,133.47,135.09,133.25,133.08
438,17154540.0,171.8,172.37,170.3,25323890.0,171.19,173.32,170.99,18958570.0,169.71,171.44,169.49,171.25
439,54851010.0,116.53,119.99,116.53,38610120.0,114.58,116.25,114.5,52828890.0,115.97,116.5,114.12,112.95
440,50991030.0,199.0,199.85,193.79,34317760.0,205.55,206.01,202.25,25289270.0,209.98,210.12,206.75,205.97
441,27148530.0,101.31,101.58,100.27,31538710.0,100.78,101.76,100.4,35890740.0,102.39,102.83,100.96,102.37
442,18463850.0,206.83,207.76,205.12,17427570.0,207.36,208.48,207.05,23286380.0,204.43,207.75,203.9,202.83
443,71686210.0,263.75,278.09,263.0,56544250.0,282.0,290.82,281.23,46893220.0,295.52,299.55,291.41,296.44
444,18386470.0,219.96,220.82,219.12,21158140.0,217.73,220.13,217.56,39763300.0,220.0,220.79,217.02,224.8
445,24626950.0,279.5,281.18,278.95,29024690.0,279.8,281.9,279.12,28575800.0,279.57,281.77,278.8,277.0
446,31003380.0,186.23,189.49,184.73,31440300.0,188.35,188.99,185.92,26148590.0,185.8,188.39,185.79,184.85
447,22378380.0,99.25,99.87,98.96,23265200.0,97.99,101.89,97.55,28487570.0,97.79,98.27,97.45,97.6
448,30790930.0,108.53,110.25,108.11,26538700.0,110.98,111.46,109.55,28174980.0,111.4,112.35,111.23,113.46
449,85957050.0,166.0,166.8,160.1,44453230.0,167.17,168.62,166.76,32234520.0,166.87,168.44,166.5,165.53
450,33291640.0,205.97,210.06,204.13,31774720.0,201.92,204.72,201.69,66072170.0,204.3,204.39,198.17,209.55
451,46717770.0,111.74,111.77,109.41,48702200.0,110.63,111.74,109.77,52033100.0,109.88,111.37,109.07,108.01
452,33348400.0,140.91,144.04,140.62,23531670.0,139.39,141.22,138.62,22355140.0,141.5,141.74,140.35,141.26
453,24308210.0,118.18,118.21,117.45,23583810.0,117.33,117.84,116.78,35626020.0,117.88,118.17,117.13,116.79
454,17775510.0,141.91,142.38,141.05,20320420.0,141.6,142.15,141.01,30341520.0,142.94,143.35,140.06,143.6
455,28998220.0,169.97,170.32,168.38,24683350.0,173.04,173.48,171.18,16956290.0,173.5,174.5,173.4,175.11
456,23639070.0,186.78,187.07,185.1,20393070.0,189.01,189.53,187.86,26167950.0,189.49,190.06,187.45,187.74
457,44662320.0,174.24,174.95,170.26,23623970.0,174.94,176.6,172.1,31096240.0,179.73,180.27,176.55,178.37
458,31110640.0,198.68,199.5,197.05,20899720.0,200.29,201.57,199.57,26067510.0,197.77,200.99,197.35,198.43
459,27393660.0,175.03,175.39,174.09,29385650.0,174.88,177.2,174.86,40122100.0,173.63,174.17,172.46,172.4
460,49897100.0,320.93,322.68,308.29,31685810.0,320.54,324.09,318.75,54149930.0,324.45,327.85,321.38,312.6
461,36912040.0,123.15,123.5,122.27,33570380.0,123.38,123.91,122.55,44371580.0,123.09,123.61,122.12,125.32
462,19029420.0,227.03,227.79,225.64,29282700.0,225.82,228.06,224.33,30889270.0,226.27,229.93,225.84,225.64
463,24431920.0,210.62,212.73,210.03,28813620.0,204.28,207.16,203.84,27883360.0,203.46,205.14,199.67,203.16
464,20523870.0,174.35,175.61,173.93,23589930.0,173.44,175.37,173.05,22342650.0,172.54,173.47,172.08,172.53
465,38771840.0,102.83,104.45,102.82,92143920.0,104.27,104.35,102.75,53454620.0,96.82,97.97,96.42,98.25
466,51861990.0,113.85,114.57,112.44,56005550.0,116.44,116.69,114.02,50061580.0,113.25,115.5,112.37,113.63
467,40396070.0,175.6,177.92,170.27,27043580.0,176.23,177.99,174.99,21218410.0,177.95,179.23,176.67,176.42
468,25938760.0,170.52,170.59,169.22,16412270.0,171.0,171.85,170.48,21477380.0,170.1,170.78,169.71,170.8
469,24603320.0,171.25,171.7,169.75,21785180.0,169.71,171.26,169.38,22389660.0,171.39,172.48,169.92,170.1
470,37622200.0,110.93,112.1,110.49,44434220.0,111.29,111.52,109.56,32970790.0,110.82,112.45,110.68,112.73
471,42250480.0,107.83,108.76,107.07,26645130.0,107.9,108.3,107.51,26393770.0,107.7,108.0,106.82,106.14
472,31996320.0,209.84,212.65,208.13,64827330.0,209.88,215.31,209.23,45751160.0,203.06,203.4,199.11,204.4
473,64398230.0,160.4,162.11,155.3,47597670.0,166.0,167.45,159.09,33753490.0,165.38,167.53,164.39,165.45
474,19201820.0,153.84,154.17,152.67,19906170.0,154.9,154.9,153.31,22930630.0,154.0,154.58,152.91,153.38
475,14991570.0,207.67,209.15,207.17,18355210.0,208.46,208.91,207.29,22277930.0,203.65,207.23,203.61,205.79
476,21247590.0,145.52,146.07,144.61,24877950.0,146.87,146.87,144.94,32203640.0,143.66,146.74,143.66,143.78
477,15228270.0,188.38,188.88,186.78,18383080.0,188.0,189.27,186.91,18083080.0,187.19,187.81,186.13,188.0
478,27876220.0,316.68,319.52,316.2,25432390.0,315.03,318.52,313.01,33843130.0,313.17,316.5,310.32,300.35
479,20859830.0,150.48,151.42,149.95,17837130.0,149.2,150.13,148.67,23765710.0,148.82,150.9,148.57,147.97
480,26060430.0,159.26,161.27,159.11,36127490.0,158.6,161.83,158.27,21827400.0,157.06,158.92,156.67,156.07
481,27337220.0,314.18,321.55,313.85,29421010.0,322.37,323.4,318.0,26356390.0,322.57,325.22,320.26,323.52
482,27236290.0,152.45,154.07,152.31,25779060.0,153.63,153.94,152.11,38907940.0,153.87,154.88,153.45,149.03
483,32226670.0,224.8,226.42,222.86,44289650.0,218.07,223.71,217.73,31777930.0,213.86,216.78,211.71,214.84
484,21846400.0,174.16,175.87,173.95,18890250.0,171.58,173.0,171.38,17154540.0,171.8,172.37,170.3,171.19
485,38763700.0,205.88,207.42,200.83,32443110.0,204.29,208.84,203.5,20892380.0,210.89,211.84,210.23,209.84
486,23040480.0,236.39,237.65,234.88,24413480.0,234.9,238.13,234.67,41990210.0,232.95,237.64,232.31,227.93
487,38313330.0,178.65,179.12,177.62,22676520.0,178.5,180.24,178.07,29334630.0,180.32,180.52,177.81,182.59
488,24877950.0,146.87,146.87,144.94,32203640.0,143.66,146.74,143.66,50264540.0,143.78,144.5,142.2,143.32
489,50455070.0,250.9,263.11,249.38,32470020.0,242.8,245.7,238.97,41483490.0,240.34,245.15,236.9,246.5
490,26750260.0,172.58,174.23,172.08,34581850.0,164.88,172.01,164.77,30237640.0,167.64,168.75,164.88,167.88
491,16991610.0,173.71,175.3,173.17,21846400.0,174.16,175.87,173.95,18890250.0,171.58,173.0,171.38,171.8
492,40575260.0,317.83,319.69,310.91,36486560.0,308.1,317.05,307.24,33511990.0,305.64,310.35,304.29,303.22
493,46893220.0,295.52,299.55,291.41,54794570.0,296.44,303.4,293.13,79868850.0,303.67,304.0,285.8,282.28
494,17837130.0,149.2,150.13,148.67,23765710.0,148.82,150.9,148.57,20117070.0,147.97,149.33,147.33,145.5
495,35131460.0,96.86,98.23,96.65,28949760.0,97.2,98.02,96.58,27526040.0,96.05,96.76,95.25,93.98
496,32395870.0,177.3,179.44,176.82,27052000.0,177.3,177.78,176.6,31306390.0,178.61,179.58,177.41,179.37
497,23273160.0,177.91,178.25,176.13,27825140.0,175.21,177.74,174.52,38426060.0,172.8,176.3,172.45,178.54
498,21081620.0,115.85,116.51,115.75,28769220.0,115.8,116.33,114.76,30555900.0,116.65,117.2,115.43,116.45
499,56544250.0,282.0,290.82,281.23,46893220.0,295.52,299.55,291.41,54794570.0,296.44,303.4,293.13,303.67
500,62080160.0,107.51,108.79,107.24,45114590.0,102.65,105.72,102.53,46461610.0,104.64,105.72,103.13,107.25
501,19238480.0,175.94,176.0,174.54,27413060.0,175.69,177.75,173.97,25737560.0,174.28,175.15,172.89,174.32
502,33935720.0,208.76,210.16,207.31,21673390.0,208.46,210.64,208.44,17618870.0,207.48,209.73,207.14,208.89
503,35907770.0,151.78,153.92,151.69,44366140.0,149.99,151.83,149.16,46575410.0,152.02,152.27,150.56,155.8
504,18582160.0,204.0,205.88,203.7,14107450.0,204.05,205.09,203.27,16866820.0,204.59,206.11,203.5,204.09
505,25184600.0,159.65,160.56,159.27,19782170.0,160.43,160.74,158.55,19376940.0,159.07,160.47,158.88,158.23
506,41438280.0,174.51,174.95,170.53,51368540.0,177.25,177.3,173.2,32395870.0,177.3,179.44,176.82,177.3
507,33770220.0,106.05,106.07,104.0,38018910.0,104.41,106.15,104.41,27697970.0,104.19,104.55,103.68,102.83
508,47191700.0,215.9,220.19,212.67,29027340.0,217.71,221.38,216.75,39992120.0,222.6,224.23,214.54,215.83
509,25931710.0,111.95,112.42,111.4,29164190.0,110.12,111.99,110.01,28310840.0,109.72,110.54,109.66,109.81
510,21341960.0,119.21,119.23,117.92,42747950.0,117.33,119.35,117.12,32445680.0,119.27,119.73,117.34,119.2
511,26219110.0,100.0,100.46,99.74,23766360.0,99.56,100.0,99.34,36464530.0,98.7,100.13,98.6,98.92
512,50415610.0,349.31,351.06,335.48,41662940.0,347.9,354.77,346.09,36928090.0,332.14,345.61,332.01,330.25
513,31203580.0,275.87,281.75,274.87,29264340.0,273.61,277.9,272.2,45247890.0,276.28,277.25,265.43,277.95
514,32879090.0,186.93,190.9,186.76,33031360.0,189.91,192.47,188.84,26544720.0,186.27,191.75,186.02,186.41
515,17841920.0,202.83,204.94,202.34,24185530.0,203.12,204.15,202.52,28865310.0,199.54,203.38,198.61,199.46
516,49118510.0,224.94,225.0,219.84,35644510.0,218.01,224.3,216.56,39194720.0,220.95,221.85,216.47,221.85
517,33671250.0,127.98,129.39,127.78,111837300.0,127.03,130.49,127.01,47767760.0,121.15,121.39,120.62,120.93
518,34693280.0,174.95,175.39,172.66,20544600.0,177.81,178.82,176.88,26575010.0,176.49,178.94,176.41,175.03
519,59332210.0,174.0,174.26,171.12,39668100.0,167.64,168.5,165.28,33482970.0,169.87,169.94,165.61,167.9
520,18648700.0,107.78,108.44,107.78,27460070.0,108.52,108.93,107.85,23839880.0,108.71,108.9,107.76,108.23
521,27526040.0,96.05,96.76,95.25,36192150.0,93.98,96.38,93.32,31851180.0,96.4,96.5,94.55,96.31
522,33653020.0,93.33,93.57,92.11,32895650.0,93.0,93.77,92.59,43665160.0,93.37,93.45,91.85,94.0
523,23751690.0,173.16,174.3,173.0,21532200.0,174.55,175.06,173.41,20523870.0,174.35,175.61,173.93,173.44
524,18000180.0,189.53,191.41,189.31,18776390.0,188.5,189.78,187.61,15801370.0,190.71,191.28,190.18,189.5
525,19723390.0,268.81,271.1,268.5,22632380.0,268.6,270.07,265.86,32182650.0,270.0,270.8,264.91,267.48
526,40122100.0,173.63,174.17,172.46,20442740.0,172.4,173.13,171.65,23402510.0,172.5,173.54,172.0,172.15
527,21561320.0,175.03,176.19,174.83,25100510.0,174.78,175.84,173.85,22858840.0,173.41,175.0,173.04,172.23
528,17520500.0,258.69,260.44,256.85,23735080.0,258.74,260.35,258.11,18966120.0,256.77,257.49,255.37,257.05
529,32644590.0,166.96,168.98,165.93,40613260.0,166.11,169.0,164.56,60800480.0,163.25,166.15,160.23,156.25
530,22989980.0,133.08,133.82,132.75,20046250.0,132.46,132.94,132.05,28321440.0,131.65,132.45,131.12,131.35
531,37080720.0,116.25,116.54,115.44,43218350.0,115.93,116.53,114.42,58279570.0,116.58,116.89,114.86,111.79
532,102731700.0,111.11,111.11,103.5,161882500.0,94.87,108.8,92.0,127246600.0,110.43,111.9,105.65,114.08
533,53142590.0,112.49,112.78,110.04,61681250.0,110.23,112.34,109.13,76562170.0,110.15,111.88,107.36,112.03
534,19974430.0,257.05,258.19,256.32,25817950.0,257.33,257.85,255.38,37781330.0,249.54,255.93,249.16,247.24
535,133059000.0,96.04,96.63,93.34,71937310.0,99.93,100.88,98.07,51529980.0,101.52,101.53,99.21,98.63
536,41740600.0,157.5,158.52,154.55,51608850.0,155.84,156.77,150.07,58133850.0,148.3,157.23,146.72,148.15
537,66139770.0,118.08,118.13,114.92,59251740.0,116.7,119.23,116.33,41430660.0,114.33,115.5,114.1,114.0
538,27453130.0,118.74,119.93,118.6,24432660.0,118.77,119.38,118.3,33420290.0,117.95,119.43,117.94,116.78
539,50565420.0,170.16,170.16,167.07,39075250.0,172.0,172.0,170.06,41438280.0,174.51,174.95,170.53,177.25
540,31890740.0,97.32,98.48,96.75,37708360.0,98.69,99.12,97.1,31672220.0,98.53,99.35,98.48,98.5
541,40537700.0,184.46,184.94,181.21,39424260.0,180.29,180.33,177.03,41523580.0,182.66,182.8,177.7,176.73
542,27377960.0,160.52,160.71,157.84,27607370.0,161.94,162.51,160.15,29377630.0,160.66,162.2,160.14,159.32
543,42747950.0,117.33,119.35,117.12,32445680.0,119.27,119.73,117.34,34135230.0,119.2,119.92,118.85,117.64
544,44654830.0,112.02,112.25,108.98,56157370.0,111.07,111.99,108.8,53168580.0,111.94,112.8,110.35,112.18
545,92143920.0,104.27,104.35,102.75,53454620.0,96.82,97.97,96.42,40290580.0,98.25,98.84,96.92,99.26
546,32152870.0,119.87,121.36,119.61,49305220.0,120.99,121.22,119.45,51106100.0,118.7,120.69,118.27,116.93
547,23389530.0,207.28,209.78,207.2,22493750.0,206.05,207.81,204.52,25525650.0,209.32,209.5,206.76,208.0
548,40290580.0,98.25,98.84,96.92,28218240.0,99.26,99.3,98.31,32690080.0,99.83,101.0,99.13,100.0
549,30280450.0,221.16,221.83,217.27,39494770.0,220.42,222.88,216.84,52902320.0,214.52,219.5,212.32,225.46
550,23793830.0,168.99,170.66,168.42,31644240.0,172.4,173.94,170.34,28204640.0,174.65,175.57,172.85,172.86
551,44387770.0,159.29,163.6,158.7,16916650.0,157.23,157.83,156.78,21175670.0,156.91,157.55,155.27,156.29
552,33508960.0,155.48,158.13,154.32,25418110.0,154.11,154.48,151.74,23046560.0,154.15,155.14,151.7,156.41
553,26591850.0,153.9,155.81,153.78,25277680.0,154.34,154.45,153.46,27715140.0,153.58,155.45,152.89,153.17
554,26645130.0,107.9,108.3,107.51,26393770.0,107.7,108.0,106.82,26675250.0,106.14,106.8,105.62,105.66
555,53168580.0,111.94,112.8,110.35,64678220.0,112.18,112.68,109.79,46810020.0,115.19,115.39,112.85,116.04
556,27368840.0,102.24,102.28,101.5,33490630.0,101.41,102.24,100.15,27148530.0,101.31,101.58,100.27,100.78
557,33538550.0,185.14,186.33,183.45,18458410.0,187.88,189.22,187.2,61438290.0,190.03,190.16,188.26,191.55
558,16861450.0,155.97,156.98,155.75,15603520.0,156.06,158.0,155.1,16243080.0,155.81,156.73,155.49,154.97
559,24900130.0,106.62,107.44,106.29,27744300.0,107.41,107.95,106.31,25001730.0,107.39,107.88,106.68,108.57
560,22692880.0,222.3,222.64,219.34,28802550.0,218.93,222.99,216.76,30280450.0,221.16,221.83,217.27,220.42
561,29422610.0,175.11,176.1,173.14,24358920.0,174.66,176.24,174.33,24332120.0,173.91,175.25,173.6,172.37
562,19082170.0,145.77,146.7,145.12,21247590.0,145.52,146.07,144.61,24877950.0,146.87,146.87,144.94,143.66
563,68171940.0,154.83,163.72,154.0,72215320.0,159.1,163.88,156.0,85957050.0,166.0,166.8,160.1,167.17
564,33507770.0,227.96,228.41,220.58,31961120.0,230.78,232.35,226.73,28540490.0,230.05,233.47,229.78,227.25
565,35637070.0,154.89,158.85,154.23,34499390.0,158.53,159.36,156.48,41740600.0,157.5,158.52,154.55,155.84
566,22930630.0,154.0,154.58,152.91,26892850.0,153.38,153.98,152.63,33520150.0,151.27,153.34,151.13,153.6
567,22187880.0,222.01,223.76,220.37,25643090.0,221.06,222.85,219.44,18386470.0,219.96,220.82,219.12,217.73
568,62285770.0,100.32,101.19,97.3,49046150.0,100.55,100.69,98.84,49687870.0,98.97,99.06,97.34,98.55
569,28001190.0,285.08,285.83,278.2,29271890.0,281.8,284.54,279.95,31627180.0,277.2,283.01,277.0,275.87
570,52099200.0,97.06,97.88,94.94,72274300.0,95.1,98.19,93.42,52960810.0,98.41,98.65,95.5,96.2
571,20686510.0,117.52,118.02,116.2,18131970.0,116.52,117.8,116.49,14244050.0,115.59,116.52,115.59,116.35
572,35474680.0,170.4,171.92,169.02,45968040.0,171.66,171.79,167.0,61759000.0,165.0,170.09,163.33,173.49
573,24093300.0,157.9,160.0,157.65,16367780.0,156.73,157.28,156.41,16380570.0,156.35,157.37,155.73,155.97
574,35738280.0,200.32,202.85,199.23,25829880.0,196.42,200.23,196.34,18473070.0,196.45,197.1,195.93,194.79
575,79763890.0,115.12,116.13,114.04,90398170.0,113.86,115.73,113.49,111186900.0,108.73,113.03,108.6,107.51
576,38236730.0,104.61,106.31,104.59,40026250.0,103.96,105.18,103.85,25058280.0,101.91,102.91,101.78,102.24
577,50061580.0,113.25,115.5,112.37,35678360.0,113.63,114.72,113.3,50278030.0,113.38,114.18,112.52,113.67
578,36191330.0,190.5,194.97,189.46,46271660.0,188.39,191.97,186.9,60547340.0,193.9,194.48,185.93,191.63
579,32429770.0,153.75,153.99,147.3,15649120.0,153.35,153.93,153.06,18798250.0,151.8,153.84,151.8,150.58
580,57668360.0,300.95,302.53,286.13,55548830.0,297.26,304.18,289.23,32426420.0,318.62,320.45,310.5,322.63
581,37169230.0,148.15,151.55,146.59,95497900.0,156.86,158.16,149.63,64398230.0,160.4,162.11,155.3,166.0
582,31538710.0,100.78,101.76,100.4,35890740.0,102.39,102.83,100.96,46026600.0,102.37,103.75,101.37,100.58
583,25323890.0,171.19,173.32,170.99,18958570.0,169.71,171.44,169.49,24603320.0,171.25,171.7,169.75,169.71
584,30417880.0,94.64,94.64,93.57,42009830.0,94.16,95.21,93.89,46858910.0,94.55,94.7,93.01,92.39
585,21673390.0,208.46,210.64,208.44,17618870.0,207.48,209.73,207.14,13909560.0,208.89,209.24,206.73,207.67
586,21654750.0,198.68,200.74,198.18,35738280.0,200.32,202.85,199.23,25829880.0,196.42,200.23,196.34,196.45
587,26604140.0,157.05,157.21,155.02,69726440.0,159.28,159.75,156.16,33669020.0,149.1,150.22,148.41,149.9
588,44054640.0,246.5,248.72,239.13,49250500.0,255.6,262.49,252.0,41994110.0,250.74,255.52,249.4,252.75
589,31123000.0,175.49,179.12,175.35,23985960.0,170.32,173.07,169.5,24755470.0,173.87,174.44,172.02,174.67
590,25656110.0,169.03,170.44,168.91,28397810.0,167.5,170.2,166.46,27315530.0,169.06,171.52,168.4,172.48
591,67964260.0,247.39,252.84,242.61,75058410.0,239.77,250.0,237.12,81013970.0,247.51,257.61,238.4,241.95
592,33559770.0,125.72,127.15,125.58,31695870.0,126.04,126.37,125.04,41365600.0,125.03,125.76,124.32,121.94
593,31774720.0,201.92,204.72,201.69,66072170.0,204.3,204.39,198.17,91046560.0,209.55,213.65,205.43,219.05
594,46026600.0,102.37,103.75,101.37,36884490.0,100.58,101.71,100.45,33136130.0,100.51,100.89,99.64,97.65
595,43496400.0,304.3,313.49,302.22,49897100.0,320.93,322.68,308.29,31685810.0,320.54,324.09,318.75,324.45
596,49046150.0,100.55,100.69,98.84,49687870.0,98.97,99.06,97.34,70722000.0,98.55,99.11,96.76,98.68
597,19354440.0,106.0,106.19,105.06,25568350.0,105.47,106.25,104.89,25686350.0,106.48,107.07,105.9,105.25
598,23946880.0,212.0,213.97,211.51,19216820.0,208.39,209.48,207.32,20059570.0,206.43,206.98,204.22,210.16
599,44223040.0,90.0,91.67,90.0,76183460.0,92.72,92.78,89.47,28641180.0,93.48,93.57,92.46,93.33
600,26675250.0,106.14,106.8,105.62,31639010.0,105.66,106.57,105.64,24817940.0,105.8,106.5,105.5,106.62
601,41990210.0,232.95,237.64,232.31,28962980.0,227.93,230.44,227.3,19029420.0,227.03,227.79,225.64,225.82
602,53075960.0,112.17,113.31,111.54,83825220.0,112.23,113.24,110.02,96531890.0,107.09,109.89,105.05,111.11
603,34494150.0,113.05,114.12,112.51,46937190.0,115.19,116.18,113.25,79763890.0,115.12,116.13,114.04,113.86
604,46810020.0,115.19,115.39,112.85,29158640.0,116.04,116.94,115.51,46301930.0,117.64,117.69,115.08,117.52
605,22560440.0,224.79,225.84,224.02,29729270.0,223.82,226.44,223.54,23430370.0,221.0,223.75,219.76,219.75
606,13046450.0,118.29,118.41,117.6,21341960.0,119.21,119.23,117.92,42747950.0,117.33,119.35,117.12,119.27
607,71882770.0,236.36,247.69,234.3,84188210.0,228.08,228.5,212.61,100423300.0,247.18,251.83,228.0,247.39
608,16543880.0,185.26,186.41,184.28,13954810.0,187.79,187.95,183.54,17675210.0,183.82,187.3,183.42,186.29
609,29608390.0,113.69,114.64,113.43,24587490.0,113.0,113.18,112.34,29800240.0,111.64,113.39,111.55,114.42
610,32081110.0,277.0,280.79,276.98,33432810.0,271.46,275.3,270.93,34437040.0,267.78,272.56,267.32,268.81
611,28803760.0,303.22,305.17,301.97,35583440.0,300.46,303.24,298.87,36937800.0,295.06,301.0,294.46,289.17
612,32728460.0,107.4,107.72,106.45,47507230.0,107.28,107.37,105.57,96197190.0,108.91,109.52,105.81,112.02
613,80742460.0,98.68,100.13,96.43,68384270.0,100.56,102.37,99.87,55583140.0,105.75,105.85,102.41,102.61
614,21674630.0,194.7,196.79,193.6,18253190.0,193.95,195.97,193.39,26932880.0,194.86,196.0,193.6,191.81
615,24377170.0,234.59,237.58,234.29,17272900.0,235.09,236.15,233.52,19286690.0,233.37,235.24,233.2,236.39
616,16383610.0,153.17,153.33,152.22,24452750.0,153.97,154.17,152.38,20118620.0,153.42,154.43,153.33,154.0
617,41626820.0,190.0,190.7,184.99,36191330.0,190.5,194.97,189.46,46271660.0,188.39,191.97,186.9,193.9
618,17633730.0,156.29,157.42,156.2,21888930.0,156.89,157.69,155.5,23907540.0,156.61,157.75,155.96,156.75
619,69032740.0,282.23,282.65,278.56,24626950.0,279.5,281.18,278.95,29024690.0,279.8,281.9,279.12,279.57
620,99202400.0,112.95,117.44,112.1,123601900.0,117.42,117.7,113.25,69639900.0,121.5,122.57,117.52,122.6
621,21584720.0,191.55,191.57,190.22,21480120.0,192.42,192.88,190.44,16859020.0,191.39,192.61,191.15,191.35
622,22389660.0,171.39,172.48,169.92,22224400.0,170.1,171.0,169.7,20940020.0,171.05,171.21,169.25,168.99
623,29491910.0,163.75,164.25,160.56,16564340.0,164.8,164.94,163.63,26729940.0,163.64,164.52,163.48,163.8
624,51608850.0,155.84,156.77,150.07,58133850.0,148.3,157.23,146.72,37169230.0,148.15,151.55,146.59,156.86
625,33962370.0,115.04,116.2,114.98,43293350.0,113.84,115.92,113.75,26176690.0,113.29,115.0,112.49,112.31
626,21007650.0,208.5,209.32,206.66,15957630.0,204.1,205.72,203.32,25897340.0,207.86,208.55,203.53,205.86
627,51106100.0,118.7,120.69,118.27,85436210.0,116.93,119.3,116.06,67673450.0,115.4,116.54,113.99,118.08
628,36529740.0,179.8,180.54,177.81,29748560.0,184.66,185.71,182.55,28364850.0,185.22,188.0,184.7,183.52
629,18695500.0,138.95,139.8,138.82,17439210.0,139.06,139.98,138.79,21229890.0,139.37,139.77,138.6,138.78
630,26609920.0,265.54,266.08,260.4,19069600.0,267.9,268.0,265.39,21700900.0,265.8,267.43,264.23,263.68
631,27738580.0,199.2,200.14,196.21,20543190.0,200.85,201.0,198.44,21654750.0,198.68,200.74,198.18,200.32
632,26066130.0,205.86,207.19,205.06,46882840.0,209.43,212.05,201.0,22267820.0,213.19,214.44,210.75,212.99
633,16529130.0,141.48,141.88,140.87,17775510.0,141.91,142.38,141.05,20320420.0,141.6,142.15,141.01,142.94
634,25458120.0,318.58,319.99,317.31,27710810.0,317.19,319.02,316.0,34454120.0,316.27,318.74,315.0,313.59
635,52411070.0,114.42,114.79,111.55,31048170.0,114.35,114.94,114.0,35951900.0,113.85,113.99,112.44,113.05
636,31096240.0,179.73,180.27,176.55,67678680.0,178.37,181.47,175.51,41626820.0,190.0,190.7,184.99,190.5
637,19173780.0,140.72,141.02,140.26,25676720.0,139.41,140.75,139.03,15281850.0,139.3,139.65,138.84,138.85
638,20892380.0,210.89,211.84,210.23,31996320.0,209.84,212.65,208.13,64827330.0,209.88,215.31,209.23,203.06
639,15957630.0,204.1,205.72,203.32,25897340.0,207.86,208.55,203.53,26066130.0,205.86,207.19,205.06,209.43
640,21162560.0,210.16,210.45,207.2,21007650.0,208.5,209.32,206.66,15957630.0,204.1,205.72,203.32,207.86
641,42357420.0,156.75,157.08,155.02,16252850.0,160.42,160.71,159.6,18969700.0,159.78,160.87,159.23,157.9
642,46594220.0,113.67,115.37,113.66,73991000.0,112.21,114.3,111.87,63712340.0,115.66,116.49,113.72,116.25
643,21610300.0,162.71,162.99,160.52,29491910.0,163.75,164.25,160.56,16564340.0,164.8,164.94,163.63,163.64
644,35779520.0,167.9,169.65,166.94,44651420.0,163.89,168.07,163.72,44387770.0,159.29,163.6,158.7,157.23
645,29139100.0,99.02,99.54,98.33,42268040.0,99.6,100.4,98.82,36299460.0,99.44,100.47,99.25,99.68
646,23531670.0,139.39,141.22,138.62,22355140.0,141.5,141.74,140.35,20299310.0,141.26,141.58,140.61,139.85
647,106721200.0,257.26,278.41,256.37,80151380.0,281.1,286.0,272.96,49678430.0,286.53,297.88,286.5,300.95
648,32417410.0,120.42,122.1,120.28,23191150.0,119.55,120.1,119.5,21982000.0,120.0,120.81,119.77,120.45
649,34324350.0,112.31,114.7,112.31,27049830.0,110.86,112.43,110.6,29976030.0,109.26,111.19,109.16,109.5
650,27744300.0,107.41,107.95,106.31,25001730.0,107.39,107.88,106.68,23606240.0,108.57,108.75,107.68,108.59
651,30521720.0,311.64,317.07,311.15,35217270.0,310.6,312.67,308.25,42621540.0,307.24,310.43,306.2,297.16
652,57430620.0,187.71,189.48,182.85,41208710.0,197.42,198.85,192.77,34908610.0,200.4,201.68,196.66,201.9
653,25704330.0,108.14,109.54,108.08,18648700.0,107.78,108.44,107.78,27460070.0,108.52,108.93,107.85,108.71
654,26784530.0,129.13,130.5,128.9,24460160.0,128.31,129.19,128.16,33671250.0,127.98,129.39,127.78,127.03
655,26560420.0,109.51,110.73,109.42,37322930.0,110.42,112.19,110.27,25820460.0,108.78,110.0,108.2,109.72
656,31686450.0,174.94,175.85,174.27,23273160.0,177.91,178.25,176.13,27825140.0,175.21,177.74,174.52,172.8
657,27684310.0,365.12,367.36,363.91,35055820.0,360.08,365.98,360.0,32661520.0,353.25,362.17,351.28,364.41
658,54571440.0,148.7,148.83,145.9,57423650.0,144.53,148.55,143.8,91106840.0,143.98,145.72,142.0,154.89
659,25737560.0,174.28,175.15,172.89,27953810.0,174.32,174.91,172.92,27817640.0,173.21,175.0,172.73,173.71
660,32461350.0,116.26,116.82,115.65,45179400.0,116.37,117.42,115.21,59029400.0,116.9,118.07,116.06,120.96
661,22010360.0,204.4,205.97,203.86,18612770.0,204.9,205.0,202.12,18463850.0,206.83,207.76,205.12,207.36
662,35709870.0,248.97,249.75,242.57,24143240.0,247.42,249.25,246.72,18369300.0,243.16,246.73,242.88,244.51
663,27309400.0,214.84,216.44,211.07,19362290.0,214.05,214.42,212.51,23946880.0,212.0,213.97,211.51,208.39
664,31714820.0,116.78,118.16,116.47,22115100.0,115.92,116.86,115.81,21081620.0,115.85,116.51,115.75,115.8
665,28204640.0,174.65,175.57,172.85,36054570.0,172.86,175.08,172.35,31384720.0,167.41,171.66,167.28,166.96
666,21144040.0,155.25,155.54,154.4,21017560.0,155.02,155.98,154.48,26591850.0,153.9,155.81,153.78,154.34
667,59029400.0,116.9,118.07,116.06,33829290.0,120.96,121.81,120.05,33009110.0,121.11,121.81,120.62,121.85
668,26919530.0,210.88,213.35,210.32,24431920.0,210.62,212.73,210.03,28813620.0,204.28,207.16,203.84,203.46
669,37418910.0,221.85,225.37,220.71,34121240.0,226.23,227.35,221.3,33290830.0,228.99,229.67,225.1,228.41
670,31450520.0,144.71,145.13,142.28,22052920.0,144.49,146.11,143.16,24725210.0,145.01,146.16,143.62,147.17
671,26330070.0,157.5,157.89,155.11,27391950.0,157.86,159.5,156.72,27377960.0,160.52,160.71,157.84,161.94
672,21535570.0,193.07,193.94,192.36,26190620.0,191.64,193.42,191.35,23377690.0,187.99,190.26,187.75,187.22
673,16331260.0,262.59,263.18,260.84,30348780.0,263.69,264.01,261.18,26609920.0,265.54,266.08,260.4,267.9
674,73230280.0,112.83,113.51,107.86,51861990.0,113.85,114.57,112.44,56005550.0,116.44,116.69,114.02,113.25
675,59251740.0,116.7,119.23,116.33,41430660.0,114.33,115.5,114.1,42276880.0,114.0,115.58,113.7,111.34
676,49696100.0,191.66,192.88,184.58,43751810.0,191.51,191.98,186.6,42287640.0,195.34,197.69,190.78,190.02
677,67678680.0,178.37,181.47,175.51,41626820.0,190.0,190.7,184.99,36191330.0,190.5,194.97,189.46,188.39
678,36529680.0,186.41,189.7,185.41,57430620.0,187.71,189.48,182.85,41208710.0,197.42,198.85,192.77,200.4
679,19782170.0,160.43,160.74,158.55,19376940.0,159.07,160.47,158.88,21564890.0,158.23,160.0,158.02,157.5
680,31961120.0,230.78,232.35,226.73,28540490.0,230.05,233.47,229.78,24435010.0,227.25,230.0,226.63,227.95
681,20442740.0,172.4,173.13,171.65,23402510.0,172.5,173.54,172.0,19088170.0,172.15,172.39,171.46,169.2
682,11362050.0,203.28,204.44,202.69,16935220.0,201.41,203.13,201.36,27316740.0,203.17,204.49,200.65,198.68
683,55204920.0,130.97,132.97,130.7,45970470.0,129.08,129.62,128.31,35987630.0,127.74,128.57,127.35,125.72
684,36362440.0,137.89,140.15,137.6,23446340.0,137.08,137.44,136.7,20222210.0,137.14,137.44,136.28,135.91
685,26924630.0,152.88,153.7,151.51,35661200.0,152.5,153.97,150.86,45034370.0,151.29,154.53,149.63,149.56
686,38885510.0,179.1,180.48,178.16,37353670.0,176.35,179.39,176.21,33772050.0,173.67,175.65,173.54,171.8
687,32788640.0,282.4,286.33,280.63,48748670.0,280.0,288.25,278.05,32755730.0,268.31,273.7,265.83,268.7
688,36778560.0,168.07,173.1,166.44,40984540.0,168.39,169.92,164.94,41335980.0,170.0,172.68,168.6,175.04
689,20222210.0,137.14,137.44,136.28,21754600.0,135.91,136.66,135.28,20762360.0,137.38,137.48,136.3,136.43
690,75900510.0,250.75,258.25,244.3,71882770.0,236.36,247.69,234.3,84188210.0,228.08,228.5,212.61,247.18
691,29377270.0,258.31,259.53,256.29,23693550.0,267.27,268.25,263.45,11654360.0,266.6,268.0,265.9,265.58
692,31735810.0,109.95,110.42,108.12,26178840.0,110.23,110.98,109.2,26560420.0,109.51,110.73,109.42,110.42
693,18458410.0,187.88,189.22,187.2,61438290.0,190.03,190.16,188.26,21584720.0,191.55,191.57,190.22,192.42
694,49687870.0,98.97,99.06,97.34,70722000.0,98.55,99.11,96.76,80742460.0,98.68,100.13,96.43,100.56
695,29264340.0,273.61,277.9,272.2,45247890.0,276.28,277.25,265.43,32503750.0,277.95,281.68,276.85,284.69
696,19419650.0,218.95,219.84,217.65,57977090.0,221.38,222.56,217.47,22187880.0,222.01,223.76,220.37,221.06
697,18457720.0,216.6,216.9,215.11,18505780.0,214.65,217.05,214.6,18965930.0,214.1,216.36,213.84,216.8
698,27581270.0,216.82,221.26,216.63,95584080.0,220.78,221.36,217.29,26388050.0,220.24,222.28,219.15,218.5
699,16658660.0,143.73,144.18,143.27,21131040.0,144.29,144.52,143.45,27649500.0,144.22,145.46,143.81,143.25
700,48846060.0,158.47,160.97,158.0,23637310.0,158.99,159.4,158.09,44866280.0,159.87,159.96,157.91,162.61
701,29027340.0,217.71,221.38,216.75,39992120.0,222.6,224.23,214.54,38681170.0,215.83,223.25,214.7,219.79
702,34320200.0,284.73,289.67,283.89,28001190.0,285.08,285.83,278.2,29271890.0,281.8,284.54,279.95,277.2
703,21215870.0,154.18,155.44,154.05,20088940.0,153.63,153.86,152.46,16216800.0,154.01,155.09,153.91,154.26
704,41511380.0,116.55,116.79,114.22,33316990.0,117.05,118.11,116.08,34806250.0,118.75,118.81,116.86,117.99
705,45555300.0,115.2,115.57,112.27,32461350.0,116.26,116.82,115.65,45179400.0,116.37,117.42,115.21,116.9
706,21080580.0,144.11,145.95,143.37,18527000.0,142.9,144.75,142.9,24110330.0,143.02,143.5,142.41,143.69
707,20565620.0,159.51,159.77,158.44,28157630.0,160.11,160.5,158.0,48846060.0,158.47,160.97,158.0,158.99
708,47507230.0,107.28,107.37,105.57,96197190.0,108.91,109.52,105.81,44654830.0,112.02,112.25,108.98,111.07
709,19576480.0,143.72,144.27,143.01,21189000.0,144.19,144.5,143.5,29174040.0,143.68,144.49,143.19,140.91
710,27942430.0,187.74,190.37,187.65,23141260.0,186.55,187.4,185.22,28053230.0,184.99,186.22,183.67,185.18
711,23285760.0,170.49,171.0,168.82,25656110.0,169.03,170.44,168.91,28397810.0,167.5,170.2,166.46,169.06
712,38063130.0,117.99,119.41,117.75,13046450.0,118.29,118.41,117.6,21341960.0,119.21,119.23,117.92,117.33
713,30327110.0,120.93,121.63,120.66,20495340.0,122.14,122.35,121.6,26320740.0,121.67,122.44,121.6,120.42
714,18505780.0,214.65,217.05,214.6,18965930.0,214.1,216.36,213.84,25682700.0,216.8,217.19,214.03,218.1
715,27308200.0,191.64,191.68,188.38,23524830.0,189.83,190.08,188.54,20710390.0,188.95,189.56,187.53,188.75
716,19362290.0,214.05,214.42,212.51,23946880.0,212.0,213.97,211.51,19216820.0,208.39,209.48,207.32,206.43
717,29174040.0,143.68,144.49,143.19,33348400.0,140.91,144.04,140.62,23531670.0,139.39,141.22,138.62,141.5
718,29158640.0,116.04,116.94,115.51,46301930.0,117.64,117.69,115.08,34275420.0,117.52,118.6,116.86,118.98
719,52954070.0,219.05,222.36,216.81,38016810.0,216.88,220.45,216.62,36487930.0,211.15,215.18,209.27,219.19
720,75058410.0,239.77,250.0,237.12,81013970.0,247.51,257.61,238.4,80605870.0,241.95,259.08,240.0,264.89
721,14676420.0,141.41,142.04,141.11,16529130.0,141.48,141.88,140.87,17775510.0,141.91,142.38,141.05,141.6
722,55622370.0,93.79,94.52,92.39,133059000.0,96.04,96.63,93.34,71937310.0,99.93,100.88,98.07,101.52
723,25361290.0,220.54,220.96,217.28,19088310.0,220.0,220.94,218.83,22481010.0,218.55,221.5,217.14,221.03
724,91046560.0,209.55,213.65,205.43,52954070.0,219.05,222.36,216.81,38016810.0,216.88,220.45,216.62,211.15
725,22117750.0,138.74,138.79,137.05,18695500.0,138.95,139.8,138.82,17439210.0,139.06,139.98,138.79,139.37
726,16367780.0,156.73,157.28,156.41,16380570.0,156.35,157.37,155.73,16861450.0,155.97,156.98,155.75,156.06
727,41141250.0,180.95,182.39,176.27,40537700.0,184.46,184.94,181.21,39424260.0,180.29,180.33,177.03,182.66
728,16956290.0,173.5,174.5,173.4,25129510.0,175.11,175.38,174.27,29422610.0,175.11,176.1,173.14,174.66
729,11475920.0,111.13,111.87,110.95,27420550.0,111.36,111.51,110.33,25931710.0,111.95,112.42,111.4,110.12
730,17439210.0,139.06,139.98,138.79,21229890.0,139.37,139.77,138.6,21555370.0,138.78,139.83,138.59,140.0
731,20299310.0,141.26,141.58,140.61,25804820.0,139.85,141.6,139.76,39461130.0,142.11,142.8,139.73,140.4
732,37353670.0,176.35,179.39,176.21,33772050.0,173.67,175.65,173.54,30953760.0,171.8,173.95,171.71,172.83
733,32755730.0,268.31,273.7,265.83,40529120.0,268.7,270.07,264.7,42223820.0,262.74,267.37,261.23,270.8
734,26656630.0,223.64,227.27,222.25,28784550.0,222.21,224.8,220.2,33507770.0,227.96,228.41,220.58,230.78
735,44811800.0,96.67,98.21,96.15,48032600.0,95.02,96.85,94.61,40323020.0,94.19,94.5,93.01,93.79
736,56770080.0,94.2,95.74,93.68,47844490.0,93.97,94.08,92.4,68388840.0,93.99,94.72,92.51,97.61
737,46315620.0,96.52,96.92,93.69,46418230.0,95.86,97.33,95.19,45870130.0,95.0,96.84,94.08,95.42
738,63140170.0,246.52,258.68,246.36,75900510.0,250.75,258.25,244.3,71882770.0,236.36,247.69,234.3,228.08
739,48032600.0,95.02,96.85,94.61,40323020.0,94.19,94.5,93.01,49979700.0,93.79,94.72,92.59,95.92
740,31685810.0,320.54,324.09,318.75,54149930.0,324.45,327.85,321.38,40558490.0,312.6,318.4,312.19,310.06
741,27413060.0,175.69,177.75,173.97,25737560.0,174.28,175.15,172.89,27953810.0,174.32,174.91,172.92,173.21
742,27553750.0,95.39,95.4,94.46,25982080.0,95.49,96.47,95.33,35783320.0,94.44,95.77,94.3,93.97
743,30555900.0,116.65,117.2,115.43,14979680.0,116.45,117.11,116.4,20686510.0,117.52,118.02,116.2,116.52
744,36340670.0,112.46,113.37,111.8,35850010.0,113.16,113.8,111.8,29608390.0,113.69,114.64,113.43,113.0
745,17595210.0,202.45,204.0,202.2,20191840.0,203.31,204.39,201.71,17897140.0,201.85,203.73,201.56,199.2
746,50832950.0,126.2,127.09,125.06,115288400.0,121.99,125.5,121.99,73006780.0,132.85,132.92,130.32,130.97
747,31642900.0,143.32,144.48,142.21,31454590.0,147.5,147.5,143.84,34089190.0,147.16,147.45,145.15,145.74
748,24205100.0,351.41,353.45,349.22,28601630.0,355.15,355.4,351.09,41357180.0,351.46,353.2,344.72,333.25
749,35041820.0,116.79,117.44,115.72,37512930.0,117.35,117.98,116.75,63963010.0,117.7,118.69,116.2,115.02
750,29461040.0,172.53,174.55,171.96,25400540.0,170.16,172.3,169.26,25938760.0,170.52,170.59,169.22,171.0
751,41464880.0,167.25,170.02,165.19,39824200.0,173.68,175.15,166.92,36778560.0,168.07,173.1,166.44,168.39
752,34949690.0,170.97,172.48,168.2,26750260.0,172.58,174.23,172.08,34581850.0,164.88,172.01,164.77,167.64
753,26170690.0,140.0,140.28,138.76,36362440.0,137.89,140.15,137.6,23446340.0,137.08,137.44,136.7,137.14
754,30953760.0,171.8,173.95,171.71,37378070.0,172.83,174.12,171.01,33690660.0,172.05,174.26,171.42,172.36
755,40558490.0,312.6,318.4,312.19,40485010.0,310.06,311.77,304.88,36634380.0,320.25,323.33,317.52,317.92
756,60800480.0,163.25,166.15,160.23,39914850.0,156.25,158.13,154.11,26147280.0,155.79,156.33,153.66,155.48
757,34312550.0,323.35,331.75,323.23,21890090.0,324.39,325.62,320.78,26122800.0,324.66,326.2,322.3,320.75
758,29771210.0,188.75,189.76,186.55,49696100.0,191.66,192.88,184.58,43751810.0,191.51,191.98,186.6,195.34
759,50303500.0,97.65,100.77,97.42,35131460.0,96.86,98.23,96.65,28949760.0,97.2,98.02,96.58,96.05
760,52126240.0,157.9,158.26,153.83,20565620.0,159.51,159.77,158.44,28157630.0,160.11,160.5,158.0,158.47
761,29124140.0,96.25,96.89,95.35,35407050.0,94.94,96.35,94.68,34355970.0,96.0,96.57,95.03,96.62
762,39017490.0,184.85,187.33,183.74,23527660.0,183.9,184.1,182.56,30929740.0,182.25,183.3,180.92,180.0
763,40382890.0,163.05,167.54,162.88,32483310.0,161.95,164.75,161.65,60774900.0,158.5,163.89,157.51,157.07
764,50264540.0,143.78,144.5,142.2,31642900.0,143.32,144.48,142.21,31454590.0,147.5,147.5,143.84,147.16
765,31834020.0,94.64,95.43,94.52,30417880.0,94.64,94.64,93.57,42009830.0,94.16,95.21,93.89,94.55
766,27315530.0,169.06,171.52,168.4,32512580.0,172.48,172.62,169.63,39735110.0,169.95,171.67,168.5,170.43
767,21982000.0,120.0,120.81,119.77,29922650.0,120.45,120.45,119.73,25554290.0,119.4,120.09,119.37,120.0
768,23243160.0,193.25,196.5,193.15,22727370.0,191.09,194.46,191.05,27308200.0,191.64,191.68,188.38,189.83
769,41483490.0,240.34,245.15,236.9,44054640.0,246.5,248.72,239.13,49250500.0,255.6,262.49,252.0,250.74
770,18965930.0,214.1,216.36,213.84,25682700.0,216.8,217.19,214.03,30149410.0,218.1,219.18,215.11,213.44
771,23913630.0,330.25,333.6,327.32,34312550.0,323.35,331.75,323.23,21890090.0,324.39,325.62,320.78,324.66
772,25804820.0,139.85,141.6,139.76,39461130.0,142.11,142.8,139.73,21258100.0,140.4,141.5,140.23,141.0
773,48706170.0,178.54,179.78,172.66,37568080.0,179.26,180.62,178.05,38885510.0,179.1,180.48,178.16,176.35
774,81013970.0,247.51,257.61,238.4,80605870.0,241.95,259.08,240.0,92683030.0,264.89,279.92,252.95,255.94
775,31695870.0,126.04,126.37,125.04,41365600.0,125.03,125.76,124.32,61292800.0,121.94,123.85,121.21,123.85
776,38399530.0,319.25,321.15,316.47,33449100.0,316.77,323.44,315.63,28236270.0,316.14,318.71,313.09,323.5
777,52955310.0,107.25,107.27,105.24,42250480.0,107.83,108.76,107.07,26645130.0,107.9,108.3,107.51,107.7
778,31251870.0,96.45,97.75,96.07,29373050.0,97.82,98.41,97.03,31890740.0,97.32,98.48,96.75,98.69
779,32234520.0,166.87,168.44,166.5,45635470.0,165.53,167.37,164.7,50565420.0,170.16,170.16,167.07,172.0
780,35661200.0,152.5,153.97,150.86,45034370.0,151.29,154.53,149.63,40622910.0,149.56,151.82,148.52,148.7
781,50901380.0,107.71,107.81,104.08,34117030.0,107.12,108.87,106.55,57097740.0,111.09,111.09,105.83,109.88
782,30576980.0,106.64,108.09,106.06,32340620.0,107.88,108.0,106.23,60784920.0,108.89,108.95,106.94,112.11
783,70722000.0,98.55,99.11,96.76,80742460.0,98.68,100.13,96.43,68384270.0,100.56,102.37,99.87,105.75
784,26538700.0,110.98,111.46,109.55,28174980.0,111.4,112.35,111.23,43403760.0,113.46,113.77,110.53,113.65
785,25247630.0,289.93,293.68,289.52,36059610.0,289.46,292.69,285.22,36592940.0,291.12,293.97,288.12,284.82
786,24987260.0,185.23,187.28,184.03,24378480.0,182.99,186.53,182.54,31632320.0,183.4,184.92,180.73,186.12
787,31851180.0,96.4,96.5,94.55,34240470.0,96.31,96.9,95.92,35290570.0,96.0,96.76,95.8,98.84
788,32191070.0,180.29,182.39,180.21,32130360.0,177.96,180.0,177.39,24518850.0,175.48,177.12,175.07,174.94
789,60154180.0,286.25,299.0,285.85,45765970.0,289.96,294.53,288.35,34320200.0,284.73,289.67,283.89,285.08
790,16216800.0,154.01,155.09,153.91,18631540.0,154.26,154.45,152.72,26204670.0,153.21,154.13,152.0,153.89
791,44371580.0,123.09,123.61,122.12,42090320.0,125.32,125.74,123.9,50832950.0,126.2,127.09,125.06,121.99
792,114436300.0,96.0,98.71,95.68,52979780.0,103.91,105.3,103.91,27997990.0,105.0,105.65,104.51,105.01
793,24460160.0,128.31,129.19,128.16,33671250.0,127.98,129.39,127.78,111837300.0,127.03,130.49,127.01,121.15
794,79356010.0,96.2,97.71,95.36,63000140.0,97.96,100.48,95.74,62285770.0,100.32,101.19,97.3,100.55
795,21754600.0,135.91,136.66,135.28,20762360.0,137.38,137.48,136.3,20769030.0,136.43,137.12,136.11,136.23
796,48407640.0,116.04,116.4,114.54,101593400.0,112.53,115.42,109.63,96820670.0,117.81,118.18,113.33,116.53
797,44282560.0,94.29,95.94,93.93,53920550.0,93.13,95.7,93.04,46315620.0,96.52,96.92,93.69,95.86
798,33364400.0,195.41,199.56,193.82,35824790.0,196.31,198.07,194.04,52392970.0,197.99,198.65,192.58,205.53
799,56005550.0,116.44,116.69,114.02,50061580.0,113.25,115.5,112.37,35678360.0,113.63,114.72,113.3,113.38
800,35055820.0,360.08,365.98,360.0,32661520.0,353.25,362.17,351.28,51314210.0,364.41,365.32,353.02,360.7
801,30912260.0,106.96,109.43,106.86,26639930.0,107.59,107.69,106.18,13596680.0,109.0,109.0,107.95,107.27
802,36547440.0,203.16,206.44,202.59,47539790.0,201.02,212.14,200.83,22481890.0,199.62,202.05,199.15,201.3
803,31464170.0,182.59,183.5,179.24,32191070.0,180.29,182.39,180.21,32130360.0,177.96,180.0,177.39,175.48
804,38610120.0,114.58,116.25,114.5,52828890.0,115.97,116.5,114.12,99202400.0,112.95,117.44,112.1,117.42
805,31777930.0,213.86,216.78,211.71,27309400.0,214.84,216.44,211.07,19362290.0,214.05,214.42,212.51,212.0
806,29706720.0,323.52,324.76,318.95,34154130.0,315.31,319.64,313.63,43496400.0,304.3,313.49,302.22,320.93
807,17186760.0,188.23,189.65,187.65,23129400.0,188.77,188.84,186.21,19966590.0,186.35,188.5,185.76,188.38
808,27074260.0,220.15,223.49,219.41,22751390.0,219.01,220.54,218.92,20400770.0,217.15,218.74,216.33,216.6
809,56137230.0,178.25,184.25,178.17,33944110.0,175.88,177.5,174.44,66454720.0,175.23,177.75,173.8,166.41
810,29385650.0,174.88,177.2,174.86,40122100.0,173.63,174.17,172.46,20442740.0,172.4,173.13,171.65,172.5
811,23686890.0,324.19,326.22,323.35,28432570.0,321.47,327.22,321.47,23580780.0,323.6,323.9,318.71,314.18
812,20118620.0,153.42,154.43,153.33,21895020.0,154.0,154.24,153.31,19217810.0,153.73,154.35,153.03,153.84
813,36810120.0,222.15,222.95,217.27,31801970.0,225.75,226.84,222.52,41411350.0,223.52,228.35,222.57,224.94
814,45635470.0,165.53,167.37,164.7,50565420.0,170.16,170.16,167.07,39075250.0,172.0,172.0,170.06,174.51
815,45941750.0,176.73,181.29,174.93,41156140.0,171.51,174.77,170.88,44662320.0,174.24,174.95,170.26,174.94
816,33772050.0,173.67,175.65,173.54,30953760.0,171.8,173.95,171.71,37378070.0,172.83,174.12,171.01,172.05
817,39914850.0,156.25,158.13,154.11,26147280.0,155.79,156.33,153.66,33508960.0,155.48,158.13,154.32,154.11
818,39494770.0,220.42,222.88,216.84,52902320.0,214.52,219.5,212.32,41084070.0,225.46,226.35,216.05,223.64
819,32416800.0,180.0,182.67,179.37,31123000.0,175.49,179.12,175.35,23985960.0,170.32,173.07,169.5,173.87
820,35290570.0,96.0,96.76,95.8,38866100.0,98.84,98.89,96.09,44811800.0,96.67,98.21,96.15,95.02
821,23606240.0,108.57,108.75,107.68,21236850.0,108.59,109.32,108.53,25784420.0,108.86,109.1,107.85,108.77
822,29421010.0,322.37,323.4,318.0,26356390.0,322.57,325.22,320.26,29706720.0,323.52,324.76,318.95,315.31
823,27649500.0,144.22,145.46,143.81,19865300.0,143.25,144.89,143.17,19970040.0,143.71,144.12,143.05,143.72
824,31154910.0,104.89,107.79,104.88,19354440.0,106.0,106.19,105.06,25568350.0,105.47,106.25,104.89,106.48
825,35987630.0,127.74,128.57,127.35,33559770.0,125.72,127.15,125.58,31695870.0,126.04,126.37,125.04,125.03
826,38907940.0,153.87,154.88,153.45,48670440.0,149.03,153.7,149.03,27254850.0,146.76,148.98,146.76,146.52
827,38681170.0,215.83,223.25,214.7,28751540.0,219.79,223.36,218.94,32874330.0,218.06,221.26,217.43,217.86
828,24336440.0,114.31,114.56,113.51,28508710.0,113.7,114.34,113.13,21400410.0,113.4,113.66,112.69,113.06
829,36634380.0,320.25,323.33,317.52,26117990.0,317.92,319.56,315.65,25458120.0,318.58,319.99,317.31,317.19
830,26781730.0,105.58,106.0,105.28,30148360.0,104.81,105.84,104.77,33770220.0,106.05,106.07,104.0,104.41
831,52902320.0,214.52,219.5,212.32,41084070.0,225.46,226.35,216.05,26656630.0,223.64,227.27,222.25,222.21
832,45579740.0,145.59,147.49,144.27,44182930.0,147.54,148.09,146.84,33498270.0,145.1,147.2,144.96,144.09
833,12506830.0,191.08,191.84,190.9,18000180.0,189.53,191.41,189.31,18776390.0,188.5,189.78,187.61,190.71
834,20783460.0,144.09,144.3,143.27,14198660.0,143.92,144.16,143.31,19998050.0,144.47,144.6,143.38,143.91
835,23714690.0,180.2,182.14,178.62,36529740.0,179.8,180.54,177.81,29748560.0,184.66,185.71,182.55,185.22
836,23687350.0,120.0,120.5,119.71,34412090.0,118.34,120.24,118.22,26083030.0,119.11,119.62,118.81,118.9
837,44453230.0,167.17,168.62,166.76,32234520.0,166.87,168.44,166.5,45635470.0,165.53,167.37,164.7,170.16
838,15281850.0,139.3,139.65,138.84,17048800.0,138.85,139.43,138.82,19578920.0,139.25,139.36,138.64,138.74
839,50908540.0,169.79,173.09,169.0,40382890.0,163.05,167.54,162.88,32483310.0,161.95,164.75,161.65,158.5
840,50674280.0,153.6,154.57,149.71,19994270.0,155.94,156.06,154.72,25912270.0,156.01,156.65,155.05,154.7
841,32361930.0,110.08,110.51,109.46,30790930.0,108.53,110.25,108.11,26538700.0,110.98,111.46,109.55,111.4
842,20940020.0,171.05,171.21,169.25,23793830.0,168.99,170.66,168.42,31644240.0,172.4,173.94,170.34,174.65
843,42832890.0,122.6,122.64,120.91,33400950.0,122.32,122.57,121.71,36912040.0,123.15,123.5,122.27,123.38
844,26580710.0,191.17,192.0,189.77,21329170.0,194.14,194.2,192.34,20912820.0,193.63,194.08,191.92,193.07
845,36792100.0,113.87,115.21,113.45,31396130.0,115.39,115.86,114.1,66028640.0,114.31,115.7,113.31,117.95
846,95497900.0,156.86,158.16,149.63,64398230.0,160.4,162.11,155.3,47597670.0,166.0,167.45,159.09,165.38
847,30348780.0,263.69,264.01,261.18,26609920.0,265.54,266.08,260.4,19069600.0,267.9,268.0,265.39,265.8
848,27049830.0,110.86,112.43,110.6,29976030.0,109.26,111.19,109.16,26160560.0,109.5,110.36,109.19,110.0
849,26190620.0,191.64,193.42,191.35,23377690.0,187.99,190.26,187.75,27468700.0,187.22,188.23,186.14,187.72
850,34121240.0,226.23,227.35,221.3,33290830.0,228.99,229.67,225.1,27363960.0,228.41,229.18,226.63,226.51
851,25402270.0,153.8,154.72,153.54,35907770.0,151.78,153.92,151.69,44366140.0,149.99,151.83,149.16,152.02
852,24725210.0,145.01,146.16,143.62,25674500.0,147.17,148.28,145.38,35421310.0,145.13,147.16,145.11,145.77
853,32445680.0,119.27,119.73,117.34,34135230.0,119.2,119.92,118.85,43233950.0,117.64,119.75,116.76,115.76
854,27215770.0,163.8,163.89,162.61,29451050.0,160.1,163.12,160.0,25649890.0,160.14,162.0,159.93,159.65
855,31754210.0,170.49,172.57,169.55,35474680.0,170.4,171.92,169.02,45968040.0,171.66,171.79,167.0,165.0
856,70583530.0,157.07,157.89,150.24,54145930.0,160.29,161.0,155.03,51467440.0,163.09,163.4,159.07,154.83
857,40984540.0,168.39,169.92,164.94,41335980.0,170.0,172.68,168.6,36387880.0,175.04,175.09,171.26,175.24
858,37034520.0,110.37,110.94,109.03,36151450.0,111.6,112.2,110.27,28507780.0,110.78,112.03,110.07,111.43
859,35578640.0,135.52,136.27,134.62,33054500.0,133.47,135.09,133.25,22989980.0,133.08,133.82,132.75,132.46
860,37977020.0,95.87,97.19,95.67,31834020.0,94.64,95.43,94.52,30417880.0,94.64,94.64,93.57,94.16
861,21229890.0,139.37,139.77,138.6,21555370.0,138.78,139.83,138.59,26170690.0,140.0,140.28,138.76,137.89
862,45114590.0,102.65,105.72,102.53,46461610.0,104.64,105.72,103.13,52955310.0,107.25,107.27,105.24,107.83
863,49250500.0,255.6,262.49,252.0,41994110.0,250.74,255.52,249.4,51054150.0,252.75,255.87,247.05,246.52
864,20507460.0,258.3,262.47,258.28,17520500.0,258.69,260.44,256.85,23735080.0,258.74,260.35,258.11,256.77
865,29800240.0,111.64,113.39,111.55,52411070.0,114.42,114.79,111.55,31048170.0,114.35,114.94,114.0,113.85
866,24518850.0,175.48,177.12,175.07,31686450.0,174.94,175.85,174.27,23273160.0,177.91,178.25,176.13,175.21
867,40862120.0,205.53,206.43,201.63,54017920.0,213.9,218.03,206.74,69281360.0,216.42,221.37,211.3,208.76
868,67569090.0,102.61,105.37,102.0,40885480.0,107.01,107.03,104.82,25184090.0,108.58,108.7,107.18,106.96
869,19088170.0,172.15,172.39,171.46,34260890.0,169.2,172.89,168.79,23285760.0,170.49,171.0,168.82,169.03
870,27623150.0,109.81,110.35,108.83,58724080.0,106.7,110.23,106.6,32230590.0,106.57,107.68,106.16,107.71
871,33669020.0,149.1,150.22,148.41,19690420.0,149.9,150.33,148.13,17192770.0,149.89,150.23,149.19,153.75
872,21513990.0,200.37,200.61,198.03,21124240.0,199.68,199.88,197.31,26551000.0,196.05,200.29,195.21,192.9
873,36387880.0,175.04,175.09,171.26,19620520.0,175.24,176.8,174.94,32931110.0,177.32,177.47,173.66,178.65
874,18355210.0,208.46,208.91,207.29,22277930.0,203.65,207.23,203.61,20929310.0,205.79,206.5,202.36,204.0
875,57774940.0,108.01,111.01,107.55,63849470.0,109.07,109.62,107.31,66300930.0,110.17,111.54,108.73,112.83
876,19578920.0,139.25,139.36,138.64,22117750.0,138.74,138.79,137.05,18695500.0,138.95,139.8,138.82,139.06
877,96197190.0,108.91,109.52,105.81,44654830.0,112.02,112.25,108.98,56157370.0,111.07,111.99,108.8,111.94
878,29773430.0,184.28,184.99,181.14,30967960.0,175.44,179.83,174.52,40396070.0,175.6,177.92,170.27,176.23
